exit_dt,cum_pnl_long,cum_pnl_short,cum_pnl_total
2026-02-03T09:54:52.000000,-26.806737313431658,0.0,-26.806737313431658
2026-02-03T09:54:57.000000,-53.613474626863315,0.0,-53.613474626863315
2026-02-03T09:55:02.000000,-93.4117619402947,0.0,-93.4117619402947
2026-02-03T09:55:07.000000,-133.21004925372608,0.0,-133.21004925372608
2026-02-03T09:55:12.000000,-173.00833656715747,0.0,-173.00833656715747
2026-02-03T09:55:17.000000,-181.129849999993,0.0,-181.129849999993
2026-02-03T10:30:52.000000,-199.48829999999668,0.0,-199.48829999999668
2026-02-03T10:35:42.000000,-220.48628148147785,0.0,-220.48628148147785
2026-02-03T10:35:47.000000,-356.47868148147955,0.0,-356.47868148147955
2026-02-03T10:35:52.000000,-468.48668148148175,0.0,-468.48668148148175
2026-02-03T10:35:57.000000,-604.4790814814835,0.0,-604.4790814814835
2026-02-03T10:36:02.000000,-716.4870814814857,0.0,-716.4870814814857
2026-02-03T10:36:07.000000,-721.1540814814858,0.0,-721.1540814814858
2026-02-03T10:37:37.000000,-904.5710701339692,0.0,-904.5710701339692
2026-02-03T10:37:42.000000,-1087.9880587864525,0.0,-1087.9880587864525
2026-02-03T10:37:47.000000,-1271.4050474389358,0.0,-1271.4050474389358
2026-02-03T10:37:52.000000,-1454.822036091419,0.0,-1454.822036091419
2026-02-03T10:37:57.000000,-1582.275424743901,0.0,-1582.275424743901
2026-02-03T10:38:02.000000,-1585.8279814814898,0.0,-1585.8279814814898
2026-02-03T10:40:17.000000,-1561.120239814824,0.0,-1561.120239814824
2026-02-03T10:40:22.000000,-1518.4241981481584,0.0,-1518.4241981481584
2026-02-03T10:40:27.000000,-1448.7457064814919,0.0,-1448.7457064814919
2026-02-03T10:40:32.000000,-1361.0789148148258,0.0,-1361.0789148148258
2026-02-03T10:40:37.000000,-1273.4121231481597,0.0,-1273.4121231481597
2026-02-03T10:40:42.000000,-1219.711600000011,0.0,-1219.711600000011
2026-02-03T10:43:12.000000,-1307.8762647887422,0.0,-1307.8762647887422
2026-02-03T10:43:17.000000,-1424.022729577473,0.0,-1424.022729577473
2026-02-03T10:43:22.000000,-1540.1691943662038,0.0,-1540.1691943662038
2026-02-03T10:43:27.000000,-1628.333859154935,0.0,-1628.333859154935
2026-02-03T10:43:32.000000,-1744.4803239436658,0.0,-1744.4803239436658
2026-02-03T10:43:37.000000,-1752.7765000000036,0.0,-1752.7765000000036
2026-02-03T10:48:32.000000,-1702.0367866666709,0.0,-1702.0367866666709
2026-02-03T10:48:47.000000,-1698.9658500000041,0.0,-1698.9658500000041
2026-02-03T10:52:12.000000,-1672.2612023809552,0.0,-1672.2612023809552
2026-02-03T10:52:17.000000,-1661.5461547619059,0.0,-1661.5461547619059
2026-02-03T10:52:22.000000,-1650.8311071428566,0.0,-1650.8311071428566
2026-02-03T10:52:27.000000,-1624.1264595238076,0.0,-1624.1264595238076
2026-02-03T10:52:32.000000,-1597.4218119047587,0.0,-1597.4218119047587
2026-02-03T10:52:37.000000,-1590.7456499999964,0.0,-1590.7456499999964
2026-02-03T11:01:07.000000,-1590.7456499999964,0.8464615384611189,-1589.8991884615352
2026-02-03T11:01:12.000000,-1590.7456499999964,1.6929230769222379,-1589.052726923074
2026-02-03T11:01:17.000000,-1590.7456499999964,2.539384615383357,-1588.2062653846128
2026-02-03T11:01:22.000000,-1590.7456499999964,-24.618353846154925,-1615.364003846151
2026-02-03T11:01:27.000000,-1590.7456499999964,-51.776092307693204,-1642.5217423076892
2026-02-03T11:01:32.000000,-1590.7456499999964,-54.685850000000876,-1645.431499999997
2026-02-03T13:07:12.000000,-1590.7456499999964,-165.5807833333348,-1756.326433333331
2026-02-03T13:07:17.000000,-1590.7456499999964,-304.47991666666815,-1895.2255666666642
2026-02-03T13:07:22.000000,-1590.7456499999964,-443.3790500000015,-2034.1246999999976
2026-02-03T13:07:27.000000,-1590.7456499999964,-554.2739833333354,-2145.0196333333315
2026-02-03T13:07:32.000000,-1590.7456499999964,-665.1689166666694,-2255.9145666666655
2026-02-03T13:07:37.000000,-1590.7456499999964,-776.0638500000033,-2366.8094999999994
2026-02-03T13:07:42.000000,-1590.7456499999964,-858.9545833333378,-2449.700233333334
2026-02-03T13:07:47.000000,-1590.7456499999964,-864.8753500000046,-2455.6210000000005
2026-02-03T13:53:12.000000,-1590.7456499999964,-973.9769192307734,-2564.7225692307693
2026-02-03T13:53:17.000000,-1590.7456499999964,-1083.0784884615423,-2673.824138461538
2026-02-03T13:53:22.000000,-1590.7456499999964,-1192.180057692311,-2782.925707692307
2026-02-03T13:53:27.000000,-1590.7456499999964,-1301.2816269230798,-2892.0272769230755
2026-02-03T13:53:32.000000,-1590.7456499999964,-1410.3831961538485,-3001.1288461538443
2026-02-03T13:53:37.000000,-1590.7456499999964,-1428.0735500000021,-3018.819199999998
2026-02-03T14:21:07.000000,-1590.7456499999964,-1586.9342450000038,-3177.6798949999998
2026-02-03T14:21:12.000000,-1590.7456499999964,-1745.7949400000055,-3336.5405900000014
2026-02-03T14:21:17.000000,-1590.7456499999964,-1904.6556350000071,-3495.401285000003
2026-02-03T14:21:22.000000,-1590.7456499999964,-2063.5163300000086,-3654.2619800000048
2026-02-03T14:21:27.000000,-1590.7456499999964,-2222.3770250000102,-3813.1226750000064
2026-02-03T14:21:32.000000,-1590.7456499999964,-2381.237720000012,-3971.983370000008
2026-02-03T14:21:37.000000,-1590.7456499999964,-2540.0984150000136,-4130.84406500001
2026-02-03T14:21:42.000000,-1590.7456499999964,-2633.2236500000145,-4223.969300000012
2026-02-04T09:50:22.000000,-1624.2253112903236,-2633.2236500000145,-4257.448961290339
2026-02-04T09:54:52.000000,-1491.0626419354849,-2633.2236500000145,-4124.2862919355
2026-02-04T09:54:57.000000,-1367.8934725806478,-2633.2236500000145,-4001.1171225806634
2026-02-04T09:55:02.000000,-1254.7178032258087,-2633.2236500000145,-3887.9414532258243
2026-02-04T09:55:07.000000,-1151.5356338709712,-2633.2236500000145,-3784.759283870987
2026-02-04T09:55:12.000000,-1130.8992000000037,-2633.2236500000145,-3764.1228500000198
2026-02-04T10:09:27.000000,-1130.8992000000037,-2642.4417125000164,-3773.3409125000217
2026-02-04T10:11:07.000000,-1130.8992000000037,-2701.744133134937,-3832.643333134942
2026-02-04T10:11:12.000000,-1130.8992000000037,-2736.042803769858,-3866.9420037698633
2026-02-04T10:11:17.000000,-1130.8992000000037,-2770.341474404779,-3901.2406744047844
2026-02-04T10:11:22.000000,-1130.8992000000037,-2804.6401450397,-3935.5393450397055
2026-02-04T10:11:27.000000,-1130.8992000000037,-2838.9388156746213,-3969.8380156746266
2026-02-04T10:11:32.000000,-1130.8992000000037,-2840.310762500018,-3971.2099625000233
2026-02-04T10:14:12.000000,-1130.8992000000037,-3049.558825000019,-4180.4580250000245
2026-02-04T10:14:17.000000,-1130.8992000000037,-3258.806887500021,-4389.706087500026
2026-02-04T10:14:22.000000,-1130.8992000000037,-3468.0549500000225,-4598.954150000028
2026-02-04T10:14:27.000000,-1130.8992000000037,-3627.4522000000225,-4758.351400000028
2026-02-04T10:22:42.000000,-1130.8992000000037,-3732.3017820689865,-4863.200982068992
2026-02-04T10:22:47.000000,-1130.8992000000037,-3837.1513641379506,-4968.050564137956
2026-02-04T10:22:52.000000,-1130.8992000000037,-3942.0009462069147,-5072.90014620692
2026-02-04T10:22:57.000000,-1130.8992000000037,-4046.850528275879,-5177.749728275884
2026-02-04T10:23:02.000000,-1130.8992000000037,-4151.700110344843,-5282.599310344848
2026-02-04T10:23:07.000000,-1130.8992000000037,-4170.423250000015,-5301.322450000021
2026-02-04T10:39:57.000000,-1153.5395038167967,-4170.423250000015,-5323.962753816813
2026-02-04T10:40:02.000000,-1176.1798076335897,-4170.423250000015,-5346.603057633606
2026-02-04T10:40:07.000000,-1198.8201114503827,-4170.423250000015,-5369.243361450399
2026-02-04T10:40:12.000000,-1221.4604152671757,-4170.423250000015,-5391.883665267192
2026-02-04T10:40:17.000000,-1270.0838190839704,-4170.423250000015,-5440.507069083987
2026-02-04T10:40:22.000000,-1271.953950000001,-4170.423250000015,-5442.377200000017
2026-02-04T10:58:57.000000,-1258.9745643776848,-4170.423250000015,-5429.397814377701
2026-02-04T10:59:02.000000,-1245.9951787553687,-4170.423250000015,-5416.418428755385
2026-02-04T10:59:07.000000,-1233.0157931330525,-4170.423250000015,-5403.439043133069
2026-02-04T10:59:12.000000,-1220.0364075107364,-4170.423250000015,-5390.4596575107535
2026-02-04T10:59:17.000000,-1207.0570218884202,-4170.423250000015,-5377.4802718884375
2026-02-04T10:59:22.000000,-1194.077636266104,-4170.423250000015,-5364.500886266122
2026-02-04T10:59:27.000000,-1181.0982506437879,-4170.423250000015,-5351.521500643806
2026-02-04T10:59:32.000000,-1168.1188650214717,-4170.423250000015,-5338.54211502149
2026-02-04T10:59:37.000000,-1167.6713000000125,-4170.423250000015,-5338.094550000031
2026-02-04T11:23:22.000000,-1179.5449005988148,-4170.423250000015,-5349.968150598833
2026-02-04T11:23:27.000000,-1191.4185011976172,-4170.423250000015,-5361.841751197635
2026-02-04T11:23:32.000000,-1203.2921017964195,-4170.423250000015,-5373.715351796437
2026-02-04T11:23:37.000000,-1215.1657023952218,-4170.423250000015,-5385.588952395239
2026-02-04T11:23:42.000000,-1227.0393029940242,-4170.423250000015,-5397.462552994041
2026-02-04T11:23:47.000000,-1238.9129035928265,-4170.423250000015,-5409.336153592843
2026-02-04T11:23:52.000000,-1243.9363500000122,-4170.423250000015,-5414.359600000029
2026-02-04T13:02:37.000000,-1243.9363500000122,-4362.86620416668,-5606.802554166694
2026-02-04T13:02:42.000000,-1243.9363500000122,-4555.309158333345,-5799.245508333359
2026-02-04T13:02:47.000000,-1243.9363500000122,-4747.75211250001,-5991.688462500024
2026-02-04T13:02:52.000000,-1243.9363500000122,-4940.195066666675,-6184.131416666689
2026-02-04T13:02:57.000000,-1243.9363500000122,-5132.63802083334,-6376.574370833354
2026-02-04T13:03:02.000000,-1243.9363500000122,-5299.0770750000065,-6543.01342500002
2026-02-04T13:03:07.000000,-1243.9363500000122,-5387.896900000006,-6631.83325000002
2026-02-04T13:06:47.000000,-1243.9363500000122,-5386.436222115392,-6630.372572115406
2026-02-04T13:10:07.000000,-1243.9363500000122,-5443.8455498180965,-6687.78189981811
2026-02-04T13:10:12.000000,-1243.9363500000122,-5501.254877520801,-6745.191227520814
2026-02-04T13:10:17.000000,-1243.9363500000122,-5558.664205223505,-6802.600555223518
2026-02-04T13:10:22.000000,-1243.9363500000122,-5586.069032926209,-6830.005382926222
2026-02-04T13:10:27.000000,-1243.9363500000122,-5625.648972115399,-6869.585322115413
2026-02-04T13:11:07.000000,-1243.9363500000122,-5512.711116346169,-6756.647466346182
2026-02-04T13:11:12.000000,-1243.9363500000122,-5399.773260576938,-6643.7096105769515
2026-02-04T13:11:17.000000,-1243.9363500000122,-5286.835404807707,-6530.771754807721
2026-02-04T13:11:22.000000,-1243.9363500000122,-5173.897549038476,-6417.83389903849
2026-02-04T13:11:27.000000,-1243.9363500000122,-5115.844200000016,-6359.7805500000295
2026-02-04T13:25:32.000000,-1243.9363500000122,-5127.972984313741,-6371.909334313755
2026-02-04T13:25:37.000000,-1243.9363500000122,-5140.101768627466,-6384.03811862748
2026-02-04T13:25:42.000000,-1243.9363500000122,-5172.23355294119,-6416.169902941204
2026-02-04T13:25:47.000000,-1243.9363500000122,-5204.365337254914,-6448.301687254928
2026-02-04T13:25:52.000000,-1243.9363500000122,-5246.498621568637,-6490.43497156865
2026-02-04T13:25:57.000000,-1243.9363500000122,-5250.711950000009,-6494.648300000023
2026-02-04T13:30:22.000000,-1243.9363500000122,-5266.754689075639,-6510.691039075653
2026-02-04T13:30:27.000000,-1243.9363500000122,-5282.79742815127,-6526.733778151283
2026-02-04T13:30:32.000000,-1243.9363500000122,-5298.8401672269,-6542.776517226914
2026-02-04T13:30:37.000000,-1243.9363500000122,-5314.8829063025305,-6558.819256302544
2026-02-04T13:30:42.000000,-1243.9363500000122,-5316.54250000001,-6560.478850000023
2026-02-04T13:34:42.000000,-1243.9363500000122,-5361.923000000011,-6605.859350000024
2026-02-04T13:34:47.000000,-1243.9363500000122,-5387.300500000012,-6631.236850000026
2026-02-04T13:34:52.000000,-1243.9363500000122,-5402.676500000012,-6646.612850000026
2026-02-04T13:34:57.000000,-1243.9363500000122,-5378.046500000013,-6621.982850000027
2026-02-04T13:35:02.000000,-1243.9363500000122,-5363.418000000015,-6607.354350000029
2026-02-04T13:35:07.000000,-1243.9363500000122,-5358.492000000016,-6602.428350000029
2026-02-04T13:54:07.000000,-1243.9363500000122,-5351.202150000008,-6595.138500000022
2026-02-04T13:54:12.000000,-1243.9363500000122,-5343.912300000001,-6587.8486500000145
2026-02-04T13:54:17.000000,-1243.9363500000122,-5336.6224499999935,-6580.558800000007
2026-02-04T13:54:22.000000,-1243.9363500000122,-5329.332599999986,-6573.26895
2026-02-04T13:54:27.000000,-1243.9363500000122,-5322.042749999979,-6565.979099999992
2026-02-04T13:54:32.000000,-1243.9363500000122,-5321.408849999978,-6565.345199999992
2026-02-04T14:31:12.000000,-1243.9363500000122,-5360.089099999977,-6604.025449999991
2026-02-04T14:31:17.000000,-1243.9363500000122,-5361.770849999977,-6605.707199999991
2026-02-05T09:57:37.000000,-1361.1504166666787,-5361.770849999977,-6722.921266666657
2026-02-05T09:57:42.000000,-1418.5191690476313,-5361.770849999977,-6780.29001904761
2026-02-05T09:57:47.000000,-1422.9321500000124,-5361.770849999977,-6784.702999999991
2026-02-05T09:57:57.000000,-1465.7690000000118,-5361.770849999977,-6827.539849999991
2026-02-05T10:00:52.000000,-1587.283303600011,-5361.770849999977,-6949.05415359999
2026-02-05T10:00:57.000000,-1708.7976072000101,-5361.770849999977,-7070.568457199989
2026-02-05T10:01:02.000000,-1830.3119108000092,-5361.770849999977,-7192.082760799988
2026-02-05T10:01:07.000000,-1922.845064400009,-5361.770849999977,-7284.615914399988
2026-02-05T10:01:12.000000,-2015.378218000009,-5361.770849999977,-7377.149067999987
2026-02-05T10:01:17.000000,-2107.911371600009,-5361.770849999977,-7469.682221599986
2026-02-05T10:01:22.000000,-2229.425675200008,-5361.770849999977,-7591.196525199985
2026-02-05T10:01:27.000000,-2321.9588288000077,-5361.770849999977,-7683.729678799985
2026-02-05T10:01:32.000000,-2379.3932000000077,-5361.770849999977,-7741.164049999985
2026-02-05T10:02:57.000000,-2484.1201743902498,-5361.770849999977,-7845.891024390227
2026-02-05T10:03:02.000000,-2561.8646987804923,-5361.770849999977,-7923.63554878047
2026-02-05T10:03:07.000000,-2639.6092231707353,-5361.770849999977,-8001.380073170713
2026-02-05T10:03:12.000000,-2642.4886500000034,-5361.770849999977,-8004.259499999982
2026-02-05T10:06:12.000000,-2683.634950000003,-5361.770849999977,-8045.405799999981
2026-02-05T10:06:32.000000,-2722.709350000003,-5361.770849999977,-8084.480199999982
2026-02-05T10:08:17.000000,-2760.690550000002,-5361.770849999977,-8122.461399999981
2026-02-05T10:12:27.000000,-2772.397344999999,-5361.770849999977,-8134.1681949999775
2026-02-05T10:12:32.000000,-2775.1099899999977,-5361.770849999977,-8136.880839999976
2026-02-05T10:12:37.000000,-2777.8226349999964,-5361.770849999977,-8139.593484999975
2026-02-05T10:12:42.000000,-2780.535279999995,-5361.770849999977,-8142.306129999974
2026-02-05T10:12:47.000000,-2792.242074999992,-5361.770849999977,-8154.01292499997
2026-02-05T10:12:52.000000,-2798.7458499999902,-5361.770849999977,-8160.516699999968
2026-02-05T10:14:42.000000,-2799.90744999999,-5361.770849999977,-8161.678299999969
2026-02-05T10:17:12.000000,-2836.5830499999897,-5361.770849999977,-8198.353899999967
2026-02-05T10:20:47.000000,-2843.6335499999896,-5361.770849999977,-8205.404399999967
2026-02-05T10:22:37.000000,-2843.6335499999896,-5212.704768749979,-8056.3383187499685
2026-02-05T10:22:42.000000,-2843.6335499999896,-5072.640037499979,-7916.273587499969
2026-02-05T10:22:47.000000,-2843.6335499999896,-4932.57530624998,-7776.208856249969
2026-02-05T10:22:52.000000,-2843.6335499999896,-4801.511924999982,-7645.145474999971
2026-02-05T10:22:57.000000,-2843.6335499999896,-4679.449893749981,-7523.083443749971
2026-02-05T10:23:02.000000,-2843.6335499999896,-4641.762999999982,-7485.396549999971
2026-02-05T10:29:12.000000,-2843.6335499999896,-4607.55484999998,-7451.18839999997
2026-02-05T10:42:02.000000,-2843.6335499999896,-4602.05456569341,-7445.6881156934
2026-02-05T10:42:07.000000,-2843.6335499999896,-4596.55428138684,-7440.187831386829
2026-02-05T10:42:12.000000,-2843.6335499999896,-4591.053997080269,-7434.687547080259
2026-02-05T10:42:12.000000,-2843.6335499999896,-4578.84179708027,-7422.47534708026
2026-02-05T10:42:17.000000,-2843.6335499999896,-4573.3415127737,-7416.975062773689
2026-02-05T10:42:17.000000,-2843.6335499999896,-4561.129312773701,-7404.76286277369
2026-02-05T10:42:17.000000,-2688.664349999989,-4561.129312773701,-7249.79366277369
2026-02-05T10:42:22.000000,-2688.664349999989,-4582.63307846713,-7271.297428467119
2026-02-05T10:42:22.000000,-2688.664349999989,-4598.42507846713,-7287.089428467119
2026-02-05T10:42:27.000000,-2688.664349999989,-4600.017949999977,-7288.682299999966
2026-02-05T10:42:27.000000,-2688.664349999989,-4615.809949999977,-7304.474299999966
2026-02-05T10:53:57.000000,-2894.9313399999874,-4615.809949999977,-7510.7412899999645
2026-02-05T10:54:02.000000,-3092.2041799999843,-4615.809949999977,-7708.014129999961
2026-02-05T10:54:07.000000,-3307.465319999981,-4615.809949999977,-7923.275269999958
2026-02-05T10:54:12.000000,-3531.7206099999794,-4615.809949999977,-8147.5305599999565
2026-02-05T10:54:17.000000,-3737.9875999999776,-4615.809949999977,-8353.797549999956
2026-02-05T11:00:52.000000,-3707.787455813933,-4615.809949999977,-8323.59740581391
2026-02-05T11:00:57.000000,-3694.5762616278876,-4615.809949999977,-8310.386211627865
2026-02-05T11:01:02.000000,-3681.3650674418423,-4615.809949999977,-8297.17501744182
2026-02-05T11:01:07.000000,-3668.153873255797,-4615.809949999977,-8283.963823255774
2026-02-05T11:01:12.000000,-3654.9426790697516,-4615.809949999977,-8270.752629069728
2026-02-05T11:01:17.000000,-3655.1648999999843,-4615.809949999977,-8270.97484999996
2026-02-05T11:07:02.000000,-3655.1648999999843,-4661.032532802525,-8316.197432802508
2026-02-05T11:07:07.000000,-3655.1648999999843,-4706.255115605072,-8361.420015605056
2026-02-05T11:07:12.000000,-3655.1648999999843,-4751.47769840762,-8406.642598407603
2026-02-05T11:07:17.000000,-3655.1648999999843,-4796.700281210167,-8451.86518121015
2026-02-05T11:07:22.000000,-3655.1648999999843,-4841.922864012715,-8497.087764012698
2026-02-05T11:07:27.000000,-3655.1648999999843,-4844.840449999976,-8500.00534999996
2026-02-05T11:11:27.000000,-3655.1648999999843,-4898.612164028753,-8553.777064028736
2026-02-05T11:11:32.000000,-3655.1648999999843,-4979.387928057529,-8634.552828057513
2026-02-05T11:11:37.000000,-3655.1648999999843,-5060.163692086306,-8715.328592086289
2026-02-05T11:11:42.000000,-3655.1648999999843,-5140.939456115082,-8796.104356115065
2026-02-05T11:11:47.000000,-3655.1648999999843,-5221.7152201438585,-8876.880120143842
2026-02-05T11:11:52.000000,-3655.1648999999843,-5233.681999999973,-8888.846899999957
2026-02-05T11:19:57.000000,-3655.1648999999843,-5338.745323684184,-8993.910223684166
2026-02-05T11:20:02.000000,-3655.1648999999843,-5370.547249999973,-9025.712149999956
2026-02-05T11:26:22.000000,-3655.1648999999843,-5408.147749999974,-9063.312649999956
2026-02-05T11:26:37.000000,-3655.1648999999843,-5445.748249999974,-9100.913149999957
2026-02-05T11:26:57.000000,-3655.1648999999843,-5483.348749999975,-9138.513649999957
2026-02-05T11:30:02.000000,-3655.1648999999843,-5468.042499999975,-9123.207399999957
2026-02-05T11:30:07.000000,-3655.1648999999843,-5452.736249999975,-9107.901149999958
2026-02-05T11:30:12.000000,-3655.1648999999843,-5437.429999999976,-9092.594899999958
2026-02-05T11:30:17.000000,-3655.1648999999843,-5422.123749999976,-9077.288649999959
2026-02-05T11:30:22.000000,-3655.1648999999843,-5417.679999999977,-9072.844899999958
2026-02-05T13:29:37.000000,-3655.1648999999843,-5475.892439999981,-9131.057339999963
2026-02-05T13:29:42.000000,-3655.1648999999843,-5534.104879999986,-9189.269779999968
2026-02-05T13:29:47.000000,-3655.1648999999843,-5592.317319999991,-9247.482219999973
2026-02-05T13:29:52.000000,-3655.1648999999843,-5650.529759999996,-9305.694659999977
2026-02-05T13:29:57.000000,-3655.1648999999843,-5708.742200000001,-9363.907099999982
2026-02-05T13:47:07.000000,-3655.1648999999843,-5748.960038034187,-9404.124938034169
2026-02-05T13:49:02.000000,-3655.1648999999843,-5827.989639449281,-9483.154539449262
2026-02-05T13:49:07.000000,-3655.1648999999843,-5937.023740864376,-9592.188640864357
2026-02-05T13:49:12.000000,-3655.1648999999843,-6046.0578422794715,-9701.222742279451
2026-02-05T13:49:17.000000,-3655.1648999999843,-6125.087443694565,-9780.252343694545
2026-02-05T13:49:22.000000,-3655.1648999999843,-6204.117045109659,-9859.281945109638
2026-02-05T13:49:27.000000,-3655.1648999999843,-6283.146646524752,-9938.311546524732
2026-02-05T13:49:32.000000,-3655.1648999999843,-6362.176247939846,-10017.341147939826
2026-02-05T13:49:37.000000,-3655.1648999999843,-6367.444888034185,-10022.609788034166
2026-02-05T13:49:42.000000,-3655.1648999999843,-6451.536731196576,-10106.701631196556
2026-02-05T13:49:47.000000,-3655.1648999999843,-6535.628574358966,-10190.793474358947
2026-02-05T13:49:52.000000,-3655.1648999999843,-6619.7204175213565,-10274.885317521337
2026-02-05T13:49:57.000000,-3655.1648999999843,-6703.812260683747,-10358.977160683728
2026-02-05T13:50:02.000000,-3655.1648999999843,-6754.998599999984,-10410.163499999964
2026-02-05T14:00:47.000000,-3655.1648999999843,-6770.857799999984,-10426.022699999965
2026-02-05T14:00:52.000000,-3655.1648999999843,-6786.716999999984,-10441.881899999966
2026-02-05T14:00:57.000000,-3655.1648999999843,-6802.576199999984,-10457.741099999967
2026-02-05T14:01:02.000000,-3655.1648999999843,-6835.795199999983,-10490.960099999966
2026-02-05T14:19:32.000000,-3655.1648999999843,-6771.727199999983,-10426.892099999966
2026-02-05T14:19:37.000000,-3655.1648999999843,-6707.659199999983,-10362.824099999967
2026-02-05T14:19:42.000000,-3655.1648999999843,-6643.591199999983,-10298.756099999968
2026-02-05T14:19:47.000000,-3655.1648999999843,-6579.523199999982,-10234.688099999968
2026-02-05T14:19:52.000000,-3655.1648999999843,-6515.455199999982,-10170.62009999997
2026-02-06T10:34:12.000000,-3655.1648999999843,-6559.389915328448,-10214.554815328436
2026-02-06T10:34:17.000000,-3655.1648999999843,-6603.324630656914,-10258.489530656903
2026-02-06T10:34:22.000000,-3655.1648999999843,-6647.259345985381,-10302.42424598537
2026-02-06T10:34:27.000000,-3655.1648999999843,-6691.194061313847,-10346.358961313837
2026-02-06T10:34:32.000000,-3655.1648999999843,-6735.128776642313,-10390.293676642304
2026-02-06T10:34:37.000000,-3655.1648999999843,-6738.3831999999775,-10393.548099999969
2026-02-06T10:35:22.000000,-3655.1648999999843,-6777.957999999981,-10433.122899999973
2026-02-06T10:35:57.000000,-3655.1648999999843,-6898.331349999993,-10553.496249999984
2026-02-06T10:38:52.000000,-3655.1648999999843,-6913.631049999994,-10568.795949999983
2026-02-06T10:43:27.000000,-3655.1648999999843,-6875.975799999994,-10531.140699999984
2026-02-06T10:43:32.000000,-3655.1648999999843,-6838.320549999994,-10493.485449999984
2026-02-06T10:43:37.000000,-3655.1648999999843,-6800.665299999994,-10455.830199999984
2026-02-06T10:43:42.000000,-3655.1648999999843,-6763.010049999994,-10418.174949999984
2026-02-06T10:43:47.000000,-3655.1648999999843,-6725.354799999995,-10380.519699999984
2026-02-06T10:43:52.000000,-3655.1648999999843,-6720.334099999995,-10375.498999999985
2026-02-06T10:44:07.000000,-3655.1648999999843,-6856.000099999992,-10511.164999999983
2026-02-06T10:44:12.000000,-3655.1648999999843,-6991.6660999999895,-10646.83099999998
2026-02-06T10:44:17.000000,-3655.1648999999843,-7066.107699999988,-10721.272599999978
2026-02-06T10:44:32.000000,-3655.1648999999843,-7054.612449999989,-10709.777349999978
2026-02-06T10:44:37.000000,-3655.1648999999843,-7070.121249999988,-10725.286149999978
2026-02-06T10:44:42.000000,-3655.1648999999843,-7112.63409999999,-10767.798999999979
2026-02-06T10:44:47.000000,-3655.1648999999843,-7155.146949999992,-10810.31184999998
2026-02-06T10:44:52.000000,-3655.1648999999843,-7170.655749999992,-10825.82064999998
2026-02-06T10:44:57.000000,-3655.1648999999843,-7172.953349999992,-10828.11824999998
2026-02-06T10:57:17.000000,-3763.7284499999823,-7172.953349999992,-10936.681799999977
2026-02-06T10:57:22.000000,-3872.2919999999804,-7172.953349999992,-11045.245349999974
2026-02-06T10:57:27.000000,-3980.8555499999784,-7172.953349999992,-11153.80889999997
2026-02-06T10:57:32.000000,-4089.4190999999764,-7172.953349999992,-11262.372449999968
2026-02-06T10:57:37.000000,-4197.9826499999745,-7172.953349999992,-11370.935999999965
2026-02-06T10:57:42.000000,-4208.488799999975,-7172.953349999992,-11381.442149999964
2026-02-06T11:04:27.000000,-4208.488799999975,-7242.556649999993,-11451.045449999965
2026-02-06T11:04:32.000000,-4208.488799999975,-7265.757749999993,-11474.246549999965
2026-02-06T11:12:52.000000,-4208.488799999975,-7250.377099999994,-11458.865899999966
2026-02-06T11:12:57.000000,-4208.488799999975,-7234.996449999995,-11443.485249999967
2026-02-06T11:13:02.000000,-4208.488799999975,-7219.615799999996,-11428.104599999968
2026-02-06T11:13:07.000000,-4208.488799999975,-7204.235149999997,-11412.723949999969
2026-02-06T11:13:12.000000,-4208.488799999975,-7188.854499999998,-11397.34329999997
2026-02-06T11:13:17.000000,-4208.488799999975,-7187.366049999998,-11395.854849999969
2026-02-06T13:10:17.000000,-4208.488799999975,-7225.908840192306,-11434.397640192277
2026-02-06T13:10:22.000000,-4208.488799999975,-7264.451630384615,-11472.940430384586
2026-02-06T13:10:27.000000,-4208.488799999975,-7302.994420576923,-11511.483220576894
2026-02-06T13:10:32.000000,-4208.488799999975,-7341.537210769232,-11550.026010769203
2026-02-06T13:10:37.000000,-4208.488799999975,-7380.0800009615405,-11588.568800961511
2026-02-06T13:10:42.000000,-4208.488799999975,-7418.622791153849,-11627.11159115382
2026-02-06T13:10:47.000000,-4208.488799999975,-7457.1655813461575,-11665.654381346129
2026-02-06T13:10:52.000000,-4208.488799999975,-7466.704021538467,-11675.192821538438
2026-02-06T13:10:57.000000,-4208.488799999975,-7475.913550000007,-11684.402349999978
2026-02-06T13:14:13.000000,-4208.488799999975,-7478.031693589751,-11686.520493589722
2026-02-06T13:14:18.000000,-4208.488799999975,-7472.148637179496,-11680.637437179468
2026-02-06T13:14:23.000000,-4208.488799999975,-7466.265580769242,-11674.754380769215
2026-02-06T13:14:28.000000,-4208.488799999975,-7460.382524358987,-11668.871324358961
2026-02-06T13:14:33.000000,-4208.488799999975,-7469.236950000014,-11677.725749999989
2026-02-06T13:16:57.000000,-4208.488799999975,-7513.033150000016,-11721.521949999991
2026-02-06T13:17:02.000000,-4208.488799999975,-7556.829350000017,-11765.318149999994
2026-02-06T13:17:07.000000,-4208.488799999975,-7600.625550000019,-11809.114349999996
2026-02-06T13:17:12.000000,-4208.488799999975,-7636.601000000021,-11845.089799999998
2026-02-06T13:59:47.000000,-4208.488799999975,-7714.159900000022,-11922.6487
2026-02-06T13:59:52.000000,-4208.488799999975,-7760.714150000024,-11969.202950000003
2026-02-06T13:59:57.000000,-4208.488799999975,-7838.273050000026,-12046.761850000004
2026-02-06T14:00:02.000000,-4208.488799999975,-7915.831950000028,-12124.320750000006
2026-02-06T14:00:07.000000,-4208.488799999975,-7993.39085000003,-12201.879650000008
2026-02-06T14:00:12.000000,-4208.488799999975,-7998.39465000003,-12206.883450000008
2026-02-06T14:07:32.000000,-4208.488799999975,-8004.445250000031,-12212.934050000009
2026-02-06T14:23:22.000000,-4208.488799999975,-7962.191900000032,-12170.68070000001
2026-02-06T14:23:27.000000,-4208.488799999975,-7928.939900000034,-12137.428700000011
2026-02-06T14:23:32.000000,-4208.488799999975,-7886.686550000035,-12095.175350000012
2026-02-06T14:23:37.000000,-4208.488799999975,-7844.433200000036,-12052.922000000013
2026-02-06T14:23:42.000000,-4208.488799999975,-7802.179850000037,-12010.668650000014
2026-02-06T14:23:47.000000,-4208.488799999975,-7785.094950000038,-11993.583750000014
2026-02-06T14:32:17.000000,-4208.488799999975,-7823.536000000037,-12032.024800000014
2026-02-06T14:32:22.000000,-4208.488799999975,-7861.977050000037,-12070.465850000013
2026-02-06T14:32:27.000000,-4208.488799999975,-7900.418100000036,-12108.906900000013
2026-02-06T14:32:32.000000,-4208.488799999975,-7938.859150000036,-12147.347950000012
2026-02-06T14:32:37.000000,-4208.488799999975,-7977.300200000035,-12185.789000000012
2026-02-06T14:32:42.000000,-4208.488799999975,-7978.971550000035,-12187.460350000012
2026-02-06T14:45:02.000000,-4280.4459999999735,-7978.971550000035,-12259.417550000011
2026-02-06T14:45:07.000000,-4352.4031999999725,-7978.971550000035,-12331.37475000001
2026-02-06T14:45:12.000000,-4424.360399999971,-7978.971550000035,-12403.331950000009
2026-02-06T14:45:17.000000,-4496.31759999997,-7978.971550000035,-12475.289150000008
2026-02-06T14:45:22.000000,-4568.274799999969,-7978.971550000035,-12547.246350000007
2026-02-09T09:50:37.000000,-4264.719715624968,-7978.971550000035,-12243.691265625006
2026-02-09T09:50:42.000000,-3952.170481249965,-7978.971550000035,-11931.142031250003
2026-02-09T09:50:47.000000,-3657.6095468749622,-7978.971550000035,-11636.581096875
2026-02-09T09:50:52.000000,-3372.0427624999606,-7978.971550000035,-11351.014312499998
2026-02-09T09:50:57.000000,-3095.4701281249604,-7978.971550000035,-11074.441678124997
2026-02-09T09:51:02.000000,-3006.2772999999597,-7978.971550000035,-10985.248849999996
2026-02-09T10:10:37.000000,-3006.2772999999597,-7652.466780000033,-10658.744079999995
2026-02-09T10:10:42.000000,-3006.2772999999597,-7346.965160000032,-10353.242459999994
2026-02-09T10:10:47.000000,-3006.2772999999597,-7020.46039000003,-10026.737689999993
2026-02-09T10:10:52.000000,-3006.2772999999597,-6714.958770000028,-9721.236069999992
2026-02-09T10:10:57.000000,-3006.2772999999597,-6388.454000000027,-9394.73129999999
2026-02-09T10:12:12.000000,-3006.2772999999597,-6429.059375000024,-9435.336674999988
2026-02-09T10:12:32.000000,-3006.2772999999597,-6469.664750000022,-9475.942049999985
2026-02-09T10:16:02.000000,-3006.2772999999597,-6388.38867500002,-9394.665974999984
2026-02-09T10:16:07.000000,-3006.2772999999597,-6307.112600000019,-9313.389899999982
2026-02-09T10:16:12.000000,-3006.2772999999597,-6301.092150000019,-9307.369449999982
2026-02-09T10:18:57.000000,-3006.2772999999597,-6330.060850318491,-9336.338150318456
2026-02-09T10:19:02.000000,-3006.2772999999597,-6359.029550636964,-9365.306850636929
2026-02-09T10:19:07.000000,-3006.2772999999597,-6387.998250955437,-9394.275550955403
2026-02-09T10:19:12.000000,-3006.2772999999597,-6416.966951273909,-9423.244251273876
2026-02-09T10:19:17.000000,-3006.2772999999597,-6445.935651592382,-9452.21295159235
2026-02-09T10:19:22.000000,-3006.2772999999597,-6447.804600000025,-9454.081899999994
2026-02-09T10:23:22.000000,-3006.2772999999597,-6480.046100000027,-9486.323399999996
2026-02-09T10:23:32.000000,-3006.2772999999597,-6507.284383333359,-9513.561683333328
2026-02-09T10:28:17.000000,-3006.2772999999597,-6481.733550000025,-9488.010849999993
2026-02-09T10:31:27.000000,-3006.2772999999597,-6502.4835453237665,-9508.760845323735
2026-02-09T10:31:32.000000,-3006.2772999999597,-6523.233540647508,-9529.510840647477
2026-02-09T10:31:37.000000,-3006.2772999999597,-6543.983535971249,-9550.26083597122
2026-02-09T10:31:42.000000,-3006.2772999999597,-6564.73353129499,-9571.010831294961
2026-02-09T10:31:47.000000,-3006.2772999999597,-6585.483526618731,-9591.760826618704
2026-02-09T10:31:52.000000,-3006.2772999999597,-6588.5576000000265,-9594.834899999998
2026-02-09T10:35:57.000000,-3006.2772999999597,-6604.125600000027,-9610.402899999997
2026-02-09T10:36:02.000000,-3006.2772999999597,-6619.693600000027,-9625.970899999997
2026-02-09T10:36:07.000000,-3006.2772999999597,-6635.261600000027,-9641.538899999996
2026-02-09T10:36:12.000000,-3006.2772999999597,-6648.605600000027,-9654.882899999995
2026-02-09T10:42:42.000000,-3006.2772999999597,-6604.912005000028,-9611.189304999996
2026-02-09T10:43:52.000000,-3006.2772999999597,-6606.025605000028,-9612.302904999997
2026-02-09T10:44:12.000000,-3006.2772999999597,-6473.546300000028,-9479.823599999996
2026-02-09T10:52:37.000000,-3006.2772999999597,-6516.037550000027,-9522.314849999995
2026-02-09T10:52:42.000000,-3006.2772999999597,-6522.332550000027,-9528.609849999995
2026-02-09T11:03:32.000000,-3006.2772999999597,-6538.154950000027,-9544.432249999994
2026-02-09T11:03:37.000000,-3006.2772999999597,-6553.977350000027,-9560.254649999993
2026-02-09T11:03:42.000000,-3006.2772999999597,-6569.799750000027,-9576.077049999993
2026-02-09T11:03:47.000000,-3006.2772999999597,-6585.622150000027,-9591.899449999992
2026-02-09T11:03:52.000000,-3006.2772999999597,-6601.444550000027,-9607.72184999999
2026-02-09T11:03:57.000000,-3006.2772999999597,-6607.446150000027,-9613.72344999999
2026-02-09T11:18:32.000000,-3006.2772999999597,-6645.850400000022,-9652.127699999986
2026-02-09T11:18:37.000000,-3006.2772999999597,-6707.258100000017,-9713.53539999998
2026-02-09T11:18:42.000000,-3006.2772999999597,-6768.6658000000125,-9774.943099999975
2026-02-09T11:18:47.000000,-3006.2772999999597,-6830.073500000008,-9836.35079999997
2026-02-09T11:18:52.000000,-3006.2772999999597,-6891.481200000003,-9897.758499999964
2026-02-09T11:18:57.000000,-3006.2772999999597,-6902.160800000002,-9908.438099999963
2026-02-09T11:25:22.000000,-3006.2772999999597,-6918.006400000002,-9924.283699999964
2026-02-09T11:25:27.000000,-3006.2772999999597,-6933.852000000002,-9940.129299999964
2026-02-09T11:25:32.000000,-3006.2772999999597,-6949.697600000001,-9955.974899999965
2026-02-09T11:25:37.000000,-3006.2772999999597,-6965.543200000001,-9971.820499999965
2026-02-09T13:06:07.000000,-3006.2772999999597,-6832.637520000001,-9838.914819999965
2026-02-09T13:06:12.000000,-3006.2772999999597,-6699.731840000001,-9706.009139999966
2026-02-09T13:06:17.000000,-3006.2772999999597,-6566.826160000001,-9573.103459999966
2026-02-09T13:06:22.000000,-3006.2772999999597,-6464.9251300000005,-9471.202429999965
2026-02-09T13:06:27.000000,-3006.2772999999597,-6394.028750000002,-9400.306049999966
2026-02-09T13:31:02.000000,-3006.2772999999597,-6409.411150000003,-9415.688449999967
2026-02-09T13:31:07.000000,-3006.2772999999597,-6424.793550000003,-9431.070849999967
2026-02-09T13:31:12.000000,-3006.2772999999597,-6440.1759500000035,-9446.453249999968
2026-02-09T13:31:17.000000,-3006.2772999999597,-6450.207950000004,-9456.485249999967
2026-02-09T13:54:07.000000,-3006.2772999999597,-6482.857450000003,-9489.134749999967
2026-02-09T14:12:17.000000,-3006.2772999999597,-6498.442250000003,-9504.719549999967
2026-02-09T14:12:22.000000,-3006.2772999999597,-6514.027050000002,-9520.304349999968
2026-02-09T14:12:27.000000,-3006.2772999999597,-6529.611850000002,-9535.889149999968
2026-02-09T14:12:32.000000,-3006.2772999999597,-6545.196650000002,-9551.473949999969
2026-02-09T14:12:37.000000,-3006.2772999999597,-6560.781450000001,-9567.05874999997
2026-02-09T14:12:42.000000,-3006.2772999999597,-6562.814250000001,-9569.09154999997
2026-02-09T14:23:57.000000,-2929.402838636324,-6562.814250000001,-9492.217088636335
2026-02-09T14:24:02.000000,-2852.528377272688,-6562.814250000001,-9415.3426272727
2026-02-09T14:24:07.000000,-2818.361949999961,-6562.814250000001,-9381.176199999973
2026-02-09T14:36:27.000000,-2818.361949999961,-6563.8350500000015,-9382.196999999973
2026-02-10T09:50:37.000000,-2780.645376086919,-6563.8350500000015,-9344.480426086931
2026-02-10T09:50:42.000000,-2742.928802173877,-6563.8350500000015,-9306.76385217389
2026-02-10T09:50:47.000000,-2705.212228260835,-6563.8350500000015,-9269.047278260849
2026-02-10T09:50:52.000000,-2667.4956543477933,-6563.8350500000015,-9231.330704347807
2026-02-10T09:50:57.000000,-2629.7790804347514,-6563.8350500000015,-9193.614130434766
2026-02-10T09:51:02.000000,-2625.588349999969,-6563.8350500000015,-9189.423399999983
2026-02-10T09:57:37.000000,-2544.79952119997,-6563.8350500000015,-9108.634571199984
2026-02-10T09:57:42.000000,-2440.026292399967,-6563.8350500000015,-9003.861342399981
2026-02-10T09:57:47.000000,-2335.253063599964,-6563.8350500000015,-8899.088113599979
2026-02-10T09:57:52.000000,-2230.4798347999613,-6563.8350500000015,-8794.314884799976
2026-02-10T09:57:57.000000,-2149.6910059999623,-6563.8350500000015,-8713.526055999977
2026-02-10T09:58:02.000000,-2132.8599999999624,-6563.8350500000015,-8696.695049999977
2026-02-10T10:13:12.000000,-1957.3568545454166,-6563.8350500000015,-8521.19190454543
2026-02-10T10:13:17.000000,-1789.848509090872,-6563.8350500000015,-8353.683559090887
2026-02-10T10:13:22.000000,-1606.350563636325,-6563.8350500000015,-8170.185613636339
2026-02-10T10:13:27.000000,-1422.8526181817779,-6563.8350500000015,-7986.687668181792
2026-02-10T10:13:32.000000,-1239.3546727272308,-6563.8350500000015,-7803.189722727245
2026-02-10T10:13:37.000000,-1147.6056999999573,-6563.8350500000015,-7711.440749999972
2026-02-10T10:14:12.000000,-1147.6056999999573,-6502.174411006292,-7649.780111006262
2026-02-10T10:14:17.000000,-1147.6056999999573,-6440.513772012582,-7588.119472012552
2026-02-10T10:14:22.000000,-1147.6056999999573,-6378.8531330188725,-7526.458833018843
2026-02-10T10:14:27.000000,-1147.6056999999573,-6317.192494025163,-7464.798194025133
2026-02-10T10:14:32.000000,-1147.6056999999573,-6257.458750000006,-7405.064449999976
2026-02-10T10:14:47.000000,-1147.6056999999573,-6246.973101470597,-7394.578801470567
2026-02-10T10:14:52.000000,-1147.6056999999573,-6209.483402941185,-7357.089102941155
2026-02-10T10:14:57.000000,-1147.6056999999573,-6171.993704411773,-7319.599404411743
2026-02-10T10:15:02.000000,-1147.6056999999573,-6134.5040058823615,-7282.109705882332
2026-02-10T10:15:07.000000,-1147.6056999999573,-6097.01430735295,-7244.62000735292
2026-02-10T10:15:12.000000,-1147.6056999999573,-6096.625950000009,-7244.231649999979
2026-02-10T10:23:52.000000,-1147.6056999999573,-6042.427420588245,-7190.033120588216
2026-02-10T10:23:57.000000,-1147.6056999999573,-5988.228891176481,-7135.834591176452
2026-02-10T10:24:02.000000,-1147.6056999999573,-5934.030361764717,-7081.636061764688
2026-02-10T10:24:07.000000,-1147.6056999999573,-5879.831832352953,-7027.437532352924
2026-02-10T10:24:12.000000,-1147.6056999999573,-5825.633302941189,-6973.23900294116
2026-02-10T10:24:17.000000,-1147.6056999999573,-5823.625950000012,-6971.231649999983
2026-02-10T10:26:42.000000,-1147.6056999999573,-6066.796054761916,-7214.401754761887
2026-02-10T10:26:47.000000,-1147.6056999999573,-6309.966159523819,-7457.57185952379
2026-02-10T10:26:52.000000,-1147.6056999999573,-6545.135064285724,-7692.740764285695
2026-02-10T10:26:57.000000,-1147.6056999999573,-6780.303969047629,-7927.9096690476
2026-02-10T10:27:02.000000,-1147.6056999999573,-6959.464473809534,-8107.070173809505
2026-02-10T10:27:07.000000,-1147.6056999999573,-7002.25430000001,-8149.859999999981
2026-02-10T10:31:27.000000,-1147.6056999999573,-7360.005300000012,-8507.610999999983
2026-02-10T10:31:42.000000,-1147.6056999999573,-7419.784000000012,-8567.389699999983
2026-02-10T10:32:47.000000,-1147.6056999999573,-7381.371100000014,-8528.976799999984
2026-02-10T10:32:52.000000,-1147.6056999999573,-7367.144100000014,-8514.749799999985
2026-02-10T10:48:02.000000,-1147.6056999999573,-7396.395447540998,-8544.00114754097
2026-02-10T10:48:07.000000,-1147.6056999999573,-7425.646795081982,-8573.252495081955
2026-02-10T10:48:12.000000,-1147.6056999999573,-7454.898142622967,-8602.50384262294
2026-02-10T10:48:17.000000,-1147.6056999999573,-7484.149490163951,-8631.755190163925
2026-02-10T10:48:22.000000,-1147.6056999999573,-7489.397237704936,-8637.00293770491
2026-02-10T10:48:27.000000,-1147.6056999999573,-7491.8348500000175,-8639.440549999992
2026-02-10T11:06:32.000000,-1191.5810999999567,-7491.8348500000175,-8683.415949999991
2026-02-10T11:06:37.000000,-1235.556499999956,-7491.8348500000175,-8727.39134999999
2026-02-10T11:06:42.000000,-1279.5318999999554,-7491.8348500000175,-8771.36674999999
2026-02-10T11:06:47.000000,-1323.5072999999547,-7491.8348500000175,-8815.34214999999
2026-02-10T11:06:52.000000,-1367.482699999954,-7491.8348500000175,-8859.317549999989
2026-02-10T11:21:37.000000,-1367.482699999954,-7531.448050000017,-8898.930749999989
2026-02-10T11:21:42.000000,-1367.482699999954,-7539.700800000017,-8907.183499999988
2026-02-10T13:19:07.000000,-1411.4132999999536,-7539.700800000017,-8951.114099999988
2026-02-10T13:22:52.000000,-1420.8269999999534,-7539.700800000017,-8960.527799999987
2026-02-10T13:27:47.000000,-1423.9600999999534,-7539.700800000017,-8963.660899999986
2026-02-10T13:32:42.000000,-1423.9600999999534,-7578.105050000012,-9002.065149999982
2026-02-10T13:32:47.000000,-1423.9600999999534,-7616.509300000007,-9040.469399999978
2026-02-10T13:32:52.000000,-1423.9600999999534,-7654.913550000002,-9078.873649999974
2026-02-10T13:32:57.000000,-1423.9600999999534,-7693.317799999997,-9117.27789999997
2026-02-10T13:33:02.000000,-1423.9600999999534,-7731.722049999992,-9155.682149999966
2026-02-10T13:33:07.000000,-1423.9600999999534,-7738.401049999991,-9162.361149999966
2026-02-10T13:49:47.000000,-1423.9600999999534,-7917.428703846146,-9341.388803846121
2026-02-10T13:49:52.000000,-1423.9600999999534,-8096.456357692301,-9520.416457692276
2026-02-10T13:49:57.000000,-1423.9600999999534,-8275.484011538456,-9699.44411153843
2026-02-10T13:50:02.000000,-1423.9600999999534,-8454.51166538461,-9878.471765384586
2026-02-10T13:50:07.000000,-1423.9600999999534,-8648.541569230765,-10072.50166923074
2026-02-10T13:50:12.000000,-1423.9600999999534,-8690.347999999996,-10114.308099999971
2026-02-10T13:54:32.000000,-1423.9600999999534,-8724.510569999995,-10148.47066999997
2026-02-10T13:54:37.000000,-1423.9600999999534,-8758.673139999994,-10182.633239999968
2026-02-10T13:54:42.000000,-1423.9600999999534,-8792.835709999992,-10216.795809999967
2026-02-10T13:54:47.000000,-1423.9600999999534,-8826.99827999999,-10250.958379999965
2026-02-10T13:54:52.000000,-1423.9600999999534,-8861.16084999999,-10285.120949999964
2026-02-10T14:00:17.000000,-1423.9600999999534,-8904.82264999999,-10328.782749999964
2026-02-10T14:00:22.000000,-1423.9600999999534,-8948.484449999989,-10372.444549999964
2026-02-10T14:00:27.000000,-1423.9600999999534,-8992.146249999989,-10416.106349999964
2026-02-10T14:00:32.000000,-1423.9600999999534,-9056.133749999988,-10480.093849999963
2026-02-10T14:07:07.000000,-1423.9600999999534,-9072.048949999988,-10496.009049999962
2026-02-10T14:07:12.000000,-1423.9600999999534,-9087.964149999987,-10511.924249999962
2026-02-10T14:07:17.000000,-1423.9600999999534,-9103.879349999987,-10527.839449999961
2026-02-10T14:07:22.000000,-1423.9600999999534,-9119.794549999986,-10543.75464999996
2026-02-10T14:07:27.000000,-1423.9600999999534,-9134.063349999986,-10558.02344999996
2026-02-10T14:09:17.000000,-1423.9600999999534,-9180.691999999988,-10604.652099999963
2026-02-10T14:14:17.000000,-1423.9600999999534,-9103.30204999999,-10527.262149999964
2026-02-10T14:14:22.000000,-1423.9600999999534,-9025.91209999999,-10449.872199999965
2026-02-10T14:14:27.000000,-1423.9600999999534,-8917.51749999999,-10341.477599999966
2026-02-10T14:14:32.000000,-1423.9600999999534,-8907.027699999991,-10330.987799999966
2026-02-10T14:30:17.000000,-1423.9600999999534,-8910.143199999991,-10334.103299999966
2026-02-10T14:41:32.000000,-1423.9600999999534,-8955.085949999991,-10379.046049999966
2026-02-10T14:41:37.000000,-1423.9600999999534,-9000.028699999992,-10423.988799999966
2026-02-10T14:41:42.000000,-1423.9600999999534,-9044.971449999992,-10468.931549999967
2026-02-10T14:41:47.000000,-1423.9600999999534,-9089.914199999992,-10513.874299999967
2026-02-10T14:41:52.000000,-1423.9600999999534,-9113.160449999992,-10537.120549999967
2026-02-11T09:57:52.000000,-1423.9600999999534,-9726.917158108101,-11150.877258108076
2026-02-11T09:57:57.000000,-1423.9600999999534,-10375.67911621621,-11799.639216216185
2026-02-11T09:58:02.000000,-1423.9600999999534,-11017.44002432432,-12441.400124324295
2026-02-11T09:58:07.000000,-1423.9600999999534,-11708.208282432428,-13132.168382432403
2026-02-11T09:58:12.000000,-1423.9600999999534,-12412.978640540538,-13836.938740540512
2026-02-11T09:58:17.000000,-1423.9600999999534,-12624.343099999996,-14048.303199999971
2026-02-11T10:01:32.000000,-1423.9600999999534,-12737.509391666666,-14161.469491666641
2026-02-11T10:03:02.000000,-1423.9600999999534,-12932.168450000001,-14356.128549999976
2026-02-11T10:15:22.000000,-1467.4594999999529,-12932.168450000001,-14399.627949999975
2026-02-11T10:15:27.000000,-1508.2605884614902,-12932.168450000001,-14440.429038461512
2026-02-11T10:15:37.000000,-1470.3217192307218,-12932.168450000001,-14402.490169230745
2026-02-11T10:18:27.000000,-1470.3217192307218,-12998.165150000004,-14468.486869230748
2026-02-11T10:19:22.000000,-1470.3217192307218,-13006.161950000005,-14476.483669230749
2026-02-11T10:19:47.000000,-1470.3217192307218,-13046.145950000011,-14516.467669230755
2026-02-11T10:20:22.000000,-1086.9965607691852,-13046.145950000011,-14133.142510769218
2026-02-11T10:20:27.000000,-925.7123999999546,-13046.145950000011,-13971.858349999988
2026-02-11T10:21:47.000000,-925.7123999999546,-13054.142750000012,-13979.855149999988
2026-02-11T10:26:07.000000,-1535.421574999954,-13054.142750000012,-14589.564324999988
2026-02-11T10:26:12.000000,-2145.130749999953,-13054.142750000012,-15199.273499999988
2026-02-11T10:30:22.000000,-2145.130749999953,-13312.601600000015,-15457.732349999991
2026-02-11T10:30:27.000000,-2145.130749999953,-13571.060450000017,-15716.191199999994
2026-02-11T10:30:32.000000,-2145.130749999953,-13829.51930000002,-15974.650049999997
2026-02-11T10:30:37.000000,-2145.130749999953,-14114.982200000022,-16260.112949999999
2026-02-11T10:30:42.000000,-2145.130749999953,-14373.441050000025,-16518.5718
2026-02-11T10:30:47.000000,-2145.130749999953,-14426.304550000024,-16571.4353
2026-02-11T10:43:47.000000,-2145.130749999953,-14434.545502777803,-16579.67625277778
2026-02-11T10:48:22.000000,-2145.130749999953,-14472.129100000024,-16617.259850000002
2026-02-11T11:04:12.000000,-2145.130749999953,-14514.037150000024,-16659.1679
2026-02-11T11:09:12.000000,-2145.130749999953,-14529.493150000024,-16674.6239
2026-02-11T11:09:17.000000,-2145.130749999953,-14544.949150000024,-16690.079899999997
2026-02-11T11:09:22.000000,-2145.130749999953,-14560.405150000024,-16705.535899999995
2026-02-11T11:09:27.000000,-2145.130749999953,-14562.061150000025,-16707.191899999994
2026-02-11T11:15:12.000000,-2145.130749999953,-14578.045950000027,-16723.176699999996
2026-02-11T11:15:17.000000,-2145.130749999953,-14594.030750000029,-16739.1615
2026-02-11T11:15:22.000000,-2145.130749999953,-14610.015550000031,-16755.1463
2026-02-11T11:15:27.000000,-2145.130749999953,-14626.000350000033,-16771.131100000002
2026-02-11T11:15:32.000000,-2145.130749999953,-14641.985150000035,-16787.115900000004
2026-02-11T11:19:07.000000,-2145.130749999953,-14634.713700000035,-16779.844450000004
2026-02-11T11:19:12.000000,-2145.130749999953,-14627.442250000035,-16772.573000000004
2026-02-11T11:19:17.000000,-2145.130749999953,-14620.170800000034,-16765.301550000004
2026-02-11T11:19:22.000000,-2145.130749999953,-14612.899350000034,-16758.030100000004
2026-02-11T11:19:27.000000,-2145.130749999953,-14605.627900000034,-16750.758650000003
2026-02-11T11:19:32.000000,-2145.130749999953,-14605.311750000033,-16750.442500000005
2026-02-11T11:26:27.000000,-2145.130749999953,-14654.410308715629,-16799.5410587156
2026-02-11T11:26:32.000000,-2145.130749999953,-14703.508867431225,-16848.639617431196
2026-02-11T11:27:02.000000,-2145.130749999953,-14801.705984862418,-16946.836734862387
2026-02-11T11:27:07.000000,-2145.130749999953,-14899.90310229361,-17045.033852293578
2026-02-11T11:27:12.000000,-2145.130749999953,-14987.579100000032,-17132.70985
2026-02-11T13:13:02.000000,-2145.130749999953,-15014.285986524854,-17159.41673652482
2026-02-11T13:13:07.000000,-2145.130749999953,-15040.992873049676,-17186.123623049643
2026-02-11T13:13:12.000000,-2145.130749999953,-15067.699759574498,-17212.830509574465
2026-02-11T13:13:17.000000,-2145.130749999953,-15094.40664609932,-17239.537396099287
2026-02-11T13:13:22.000000,-2145.130749999953,-15121.113532624142,-17266.24428262411
2026-02-11T13:13:27.000000,-2145.130749999953,-15122.067350000028,-17267.198099999994
2026-02-11T13:18:22.000000,-2228.0876693547943,-15122.067350000028,-17350.155019354836
2026-02-11T13:18:27.000000,-2311.0445887096357,-15122.067350000028,-17433.111938709677
2026-02-11T13:18:32.000000,-2394.001508064477,-15122.067350000028,-17516.06885806452
2026-02-11T13:18:37.000000,-2500.942827419318,-15122.067350000028,-17623.010177419357
2026-02-11T13:18:42.000000,-2607.8841467741586,-15122.067350000028,-17729.951496774196
2026-02-11T13:18:47.000000,-2629.705099999965,-15122.067350000028,-17751.772450000004
2026-02-11T13:39:27.000000,-2629.705099999965,-15205.557253225836,-17835.26235322581
2026-02-11T13:39:32.000000,-2629.705099999965,-15289.047156451643,-17918.75225645162
2026-02-11T13:39:37.000000,-2629.705099999965,-15372.53705967745,-18002.242159677426
2026-02-11T13:39:42.000000,-2629.705099999965,-15456.026962903257,-18085.732062903233
2026-02-11T13:39:47.000000,-2629.705099999965,-15491.808350000032,-18121.513450000006
2026-02-11T13:52:52.000000,-2629.705099999965,-15530.43340000003,-18160.138500000005
2026-02-11T14:25:57.000000,-2629.705099999965,-15531.34315000003,-18161.048250000003
2026-02-11T14:26:02.000000,-2629.705099999965,-15532.252900000029,-18161.958000000002
2026-02-11T14:26:07.000000,-2629.705099999965,-15533.162650000027,-18162.86775
2026-02-11T14:26:12.000000,-2629.705099999965,-15534.072400000026,-18163.7775
2026-02-11T14:26:17.000000,-2629.705099999965,-15534.982150000025,-18164.68725
2026-02-11T14:41:47.000000,-2629.705099999965,-15556.678650000025,-18186.383749999997
2026-02-12T09:52:52.000000,-2742.871012195086,-15556.678650000025,-18299.549662195117
2026-02-12T09:52:57.000000,-2848.042124390206,-15556.678650000025,-18404.720774390236
2026-02-12T09:53:02.000000,-2921.2340365853265,-15556.678650000025,-18477.912686585358
2026-02-12T09:53:07.000000,-3010.4155487804464,-15556.678650000025,-18567.094198780476
2026-02-12T09:53:12.000000,-3083.607460975567,-15556.678650000025,-18640.286110975598
2026-02-12T09:53:17.000000,-3094.7551499999568,-15556.678650000025,-18651.433799999988
2026-02-12T10:15:02.000000,-3094.7551499999568,-15601.551800000027,-18696.30694999999
2026-02-12T10:15:07.000000,-3094.7551499999568,-15646.424950000028,-18741.180099999994
2026-02-12T10:15:12.000000,-3094.7551499999568,-15691.298100000029,-18786.053249999997
2026-02-12T10:15:17.000000,-3094.7551499999568,-15736.17125000003,-18830.9264
2026-02-12T10:15:22.000000,-3094.7551499999568,-15781.044400000032,-18875.799550000003
2026-02-12T10:15:27.000000,-3094.7551499999568,-15782.591750000032,-18877.346900000004
2026-02-12T10:20:02.000000,-3097.5219999999526,-15782.591750000032,-18880.11375
2026-02-12T10:20:07.000000,-3100.2888499999485,-15782.591750000032,-18882.880599999997
2026-02-12T10:20:12.000000,-3103.0556999999444,-15782.591750000032,-18885.647449999993
2026-02-12T10:20:17.000000,-3105.8225499999403,-15782.591750000032,-18888.41429999999
2026-02-12T10:20:22.000000,-3108.589399999936,-15782.591750000032,-18891.181149999986
2026-02-12T10:29:37.000000,-3108.589399999936,-15759.644866049417,-18868.23426604937
2026-02-12T10:29:42.000000,-3108.589399999936,-15736.697982098802,-18845.287382098755
2026-02-12T10:29:47.000000,-3108.589399999936,-15713.751098148186,-18822.34049814814
2026-02-12T10:29:52.000000,-3108.589399999936,-15690.804214197571,-18799.393614197525
2026-02-12T10:29:57.000000,-3108.589399999936,-15667.857330246956,-18776.44673024691
2026-02-12T10:30:02.000000,-3108.589399999936,-15664.422850000043,-18773.012249999996
2026-02-12T10:34:17.000000,-3108.589399999936,-15653.359600000043,-18761.948999999997
2026-02-12T10:34:22.000000,-3108.589399999936,-15642.296350000044,-18750.885749999998
2026-02-12T10:34:27.000000,-3108.589399999936,-15631.233100000045,-18739.8225
2026-02-12T10:34:32.000000,-3108.589399999936,-15620.169850000046,-18728.75925
2026-02-12T10:34:37.000000,-3108.589399999936,-15609.106600000046,-18717.696
2026-02-12T10:34:42.000000,-3108.589399999936,-15598.043350000047,-18706.63275
2026-02-12T10:43:42.000000,-3108.589399999936,-15642.637050000047,-18751.226450000002
2026-02-12T10:43:47.000000,-3108.589399999936,-15687.230750000046,-18795.820150000003
2026-02-12T10:43:52.000000,-3108.589399999936,-15725.823550000046,-18834.412950000005
2026-02-12T10:43:57.000000,-3108.589399999936,-15764.416350000047,-18873.005750000008
2026-02-12T10:44:02.000000,-3108.589399999936,-15797.008250000046,-18905.597650000007
2026-02-12T10:44:07.000000,-3108.589399999936,-15785.880200000047,-18894.469600000008
2026-02-12T10:44:07.000000,-3108.589399999936,-15802.176150000047,-18910.765550000007
2026-02-12T10:44:12.000000,-3108.589399999936,-15764.044050000048,-18872.63345000001
2026-02-12T10:44:17.000000,-3108.589399999936,-15752.916000000048,-18861.50540000001
2026-02-12T10:44:18.000000,-3108.589399999936,-15743.752250000049,-18852.34165000001
2026-02-12T10:44:22.000000,-3108.589399999936,-15732.62420000005,-18841.21360000001
2026-02-12T10:44:23.000000,-3108.589399999936,-15723.46045000005,-18832.04985000001
2026-02-12T10:44:27.000000,-3108.589399999936,-15712.33240000005,-18820.92180000001
2026-02-12T10:44:28.000000,-3108.589399999936,-15703.16865000005,-18811.75805000001
2026-02-12T10:44:33.000000,-3108.589399999936,-15694.00490000005,-18802.59430000001
2026-02-12T10:44:38.000000,-3108.589399999936,-15684.841150000051,-18793.430550000012
2026-02-12T10:44:43.000000,-3108.589399999936,-15684.47460000005,-18793.064000000013
2026-02-12T10:54:07.000000,-3108.589399999936,-15796.181800000051,-18904.771200000014
2026-02-12T10:54:12.000000,-3108.589399999936,-15907.889000000052,-19016.478400000015
2026-02-12T10:54:17.000000,-3108.589399999936,-16019.596200000053,-19128.185600000015
2026-02-12T10:54:22.000000,-3108.589399999936,-16131.303400000053,-19239.892800000016
2026-02-12T10:54:27.000000,-3108.589399999936,-16243.010600000054,-19351.600000000017
2026-02-12T11:01:37.000000,-3108.589399999936,-16255.948100000054,-19364.537500000017
2026-02-12T11:03:42.000000,-3108.589399999936,-16271.716900000054,-19380.30630000002
2026-02-12T11:03:47.000000,-3108.589399999936,-16287.485700000054,-19396.07510000002
2026-02-12T11:03:52.000000,-3108.589399999936,-16303.254500000054,-19411.84390000002
2026-02-12T11:03:57.000000,-3108.589399999936,-16319.023300000053,-19427.612700000023
2026-02-12T11:04:02.000000,-3108.589399999936,-16333.420900000054,-19442.010300000024
2026-02-12T13:00:27.000000,-3108.589399999936,-16320.401350000055,-19428.990750000023
2026-02-12T13:00:32.000000,-3108.589399999936,-16307.381800000056,-19415.97120000002
2026-02-12T13:00:37.000000,-3108.589399999936,-16294.362250000057,-19402.95165000002
2026-02-12T13:00:42.000000,-3108.589399999936,-16281.342700000057,-19389.93210000002
2026-02-12T13:00:47.000000,-3108.589399999936,-16275.057400000058,-19383.64680000002
2026-02-12T13:13:07.000000,-3053.029149999939,-16275.057400000058,-19328.08655000002
2026-02-12T13:18:12.000000,-3053.029149999939,-16268.72990281696,-19321.759052816924
2026-02-12T13:18:17.000000,-3053.029149999939,-16262.402405633862,-19315.431555633826
2026-02-12T13:18:22.000000,-3053.029149999939,-16256.074908450764,-19309.10405845073
2026-02-12T13:18:27.000000,-3053.029149999939,-16249.747411267666,-19302.77656126763
2026-02-12T13:18:32.000000,-3053.029149999939,-16243.419914084569,-19296.449064084532
2026-02-12T13:18:37.000000,-3053.029149999939,-16242.967950000062,-19295.997100000026
2026-02-12T13:43:42.000000,-3053.029149999939,-16264.731650000063,-19317.760800000025
2026-02-12T13:46:22.000000,-3053.029149999939,-16308.259050000066,-19361.288200000028
2026-02-12T13:46:27.000000,-3053.029149999939,-16351.786450000069,-19404.81560000003
2026-02-12T13:46:32.000000,-3053.029149999939,-16395.31385000007,-19448.343000000033
2026-02-12T13:46:37.000000,-3053.029149999939,-16434.177600000072,-19487.206750000034
2026-02-12T14:01:42.000000,-3053.029149999939,-16450.2050270271,-19503.23417702706
2026-02-12T14:01:47.000000,-3053.029149999939,-16466.232454054127,-19519.26160405409
2026-02-12T14:01:52.000000,-3053.029149999939,-16482.259881081154,-19535.289031081116
2026-02-12T14:01:57.000000,-3053.029149999939,-16498.28730810818,-19551.316458108144
2026-02-12T14:02:02.000000,-3053.029149999939,-16514.31473513521,-19567.34388513517
2026-02-12T14:02:07.000000,-3053.029149999939,-16530.342162162236,-19583.3713121622
2026-02-12T14:02:12.000000,-3053.029149999939,-16533.013400000076,-19586.04255000004
2026-02-12T14:16:47.000000,-3053.029149999939,-16564.705515254318,-19617.73466525428
2026-02-12T14:16:52.000000,-3053.029149999939,-16596.39763050856,-19649.426780508522
2026-02-12T14:16:57.000000,-3053.029149999939,-16588.0837457628,-19641.112895762762
2026-02-12T14:17:02.000000,-3053.029149999939,-16587.77106101704,-19640.800211017002
2026-02-12T14:17:03.000000,-3053.029149999939,-16628.33481101704,-19681.363961017003
2026-02-12T14:17:07.000000,-3053.029149999939,-16596.017326271278,-19649.04647627124
2026-02-12T14:17:08.000000,-3053.029149999939,-16636.58107627128,-19689.61022627124
2026-02-12T14:17:12.000000,-3053.029149999939,-16612.26479152552,-19665.29394152548
2026-02-12T14:17:13.000000,-3053.029149999939,-16652.82854152552,-19705.85769152548
2026-02-12T14:17:17.000000,-3053.029149999939,-16620.511056779756,-19673.54020677972
2026-02-12T14:17:18.000000,-3053.029149999939,-16622.133606779757,-19675.16275677972
2026-02-12T14:17:22.000000,-3053.029149999939,-16610.014550000094,-19663.043700000057
2026-02-12T14:41:27.000000,-3095.585199999938,-16610.014550000094,-19705.599750000056
2026-02-12T14:41:32.000000,-3138.1412499999374,-16610.014550000094,-19748.155800000055
2026-02-12T14:41:37.000000,-3180.6972999999366,-16610.014550000094,-19790.711850000054
2026-02-12T14:41:42.000000,-3223.253349999936,-16610.014550000094,-19833.267900000053
2026-02-12T14:41:47.000000,-3265.809399999935,-16610.014550000094,-19875.823950000053
2026-02-12T14:41:52.000000,-3291.027799999935,-16610.014550000094,-19901.04235000005
2026-02-12T14:44:42.000000,-3291.027799999935,-16671.661450000094,-19962.68925000005
2026-02-12T14:44:47.000000,-3291.027799999935,-16682.382650000094,-19973.41045000005
2026-02-13T10:02:57.000000,-3244.0871799999363,-16682.382650000094,-19926.469830000053
2026-02-13T10:03:02.000000,-3197.146559999938,-16682.382650000094,-19879.529210000055
2026-02-13T10:03:07.000000,-3150.2059399999393,-16682.382650000094,-19832.588590000058
2026-02-13T10:03:12.000000,-3132.2464699999405,-16682.382650000094,-19814.62912000006
2026-02-13T10:03:17.000000,-3114.2869999999416,-16682.382650000094,-19796.66965000006
2026-02-13T10:06:42.000000,-3114.2869999999416,-16727.13980000009,-19841.42680000006
2026-02-13T10:06:47.000000,-3114.2869999999416,-16771.89695000009,-19886.183950000057
2026-02-13T10:06:52.000000,-3114.2869999999416,-16816.654100000087,-19930.941100000055
2026-02-13T10:06:57.000000,-3114.2869999999416,-16861.411250000085,-19975.698250000052
2026-02-13T10:07:02.000000,-3114.2869999999416,-16904.625050000082,-20018.91205000005
2026-02-13T10:07:27.000000,-3114.2869999999416,-17000.299100000084,-20114.58610000005
2026-02-13T10:07:32.000000,-3114.2869999999416,-17095.973150000085,-20210.260150000053
2026-02-13T10:07:37.000000,-3114.2869999999416,-17191.647200000087,-20305.934200000054
2026-02-13T10:07:42.000000,-3114.2869999999416,-17287.32125000009,-20401.608250000056
2026-02-13T10:07:47.000000,-3114.2869999999416,-17382.99530000009,-20497.282300000057
2026-02-13T10:07:52.000000,-3114.2869999999416,-17390.62530000009,-20504.912300000058
2026-02-13T10:11:32.000000,-3114.2869999999416,-17420.424717469974,-20534.71171746994
2026-02-13T10:11:37.000000,-3114.2869999999416,-17450.224134939857,-20564.511134939825
2026-02-13T10:11:42.000000,-3114.2869999999416,-17480.02355240974,-20594.310552409708
2026-02-13T10:11:47.000000,-3114.2869999999416,-17509.822969879624,-20624.10996987959
2026-02-13T10:11:52.000000,-3114.2869999999416,-17539.622387349507,-20653.909387349475
2026-02-13T10:11:57.000000,-3114.2869999999416,-17540.52540000011,-20654.81240000008
2026-02-13T10:19:32.000000,-3114.2869999999416,-17598.966650000104,-20713.25365000007
2026-02-13T10:24:17.000000,-3114.2869999999416,-17637.3709000001,-20751.657900000067
2026-02-13T10:24:22.000000,-3114.2869999999416,-17675.775150000096,-20790.062150000063
2026-02-13T10:24:27.000000,-3114.2869999999416,-17714.179400000092,-20828.46640000006
2026-02-13T10:24:32.000000,-3114.2869999999416,-17732.54665000009,-20846.83365000006
2026-02-13T10:32:32.000000,-3114.2869999999416,-18046.63894743599,-21160.925947435957
2026-02-13T10:32:37.000000,-3114.2869999999416,-18339.728094871887,-21454.015094871855
2026-02-13T10:32:42.000000,-3114.2869999999416,-18625.816192307782,-21740.10319230775
2026-02-13T10:32:47.000000,-3114.2869999999416,-18862.896939743678,-21977.183939743645
2026-02-13T10:32:52.000000,-3114.2869999999416,-19099.977687179573,-22214.26468717954
2026-02-13T10:32:57.000000,-3114.2869999999416,-19235.452400000086,-22349.739400000053
2026-02-13T10:52:47.000000,-3114.2869999999416,-19331.45551330944,-22445.742513309408
2026-02-13T10:52:52.000000,-3114.2869999999416,-19427.458626618794,-22541.745626618762
2026-02-13T10:52:57.000000,-3114.2869999999416,-19523.46173992815,-22637.748739928116
2026-02-13T10:53:02.000000,-3114.2869999999416,-19619.464853237503,-22733.75185323747
2026-02-13T10:53:07.000000,-3114.2869999999416,-19715.467966546857,-22829.754966546825
2026-02-13T10:53:12.000000,-3114.2869999999416,-19729.690650000095,-22843.977650000063
2026-02-13T10:57:37.000000,-3114.2869999999416,-19833.887610000096,-22948.174610000064
2026-02-13T10:57:42.000000,-3114.2869999999416,-19884.544350000095,-22998.831350000062
2026-02-13T11:20:12.000000,-3114.2869999999416,-19899.889950000095,-23014.176950000063
2026-02-13T11:20:17.000000,-3114.2869999999416,-19906.561950000094,-23020.84895000006
2026-02-13T13:07:52.000000,-3114.2869999999416,-19951.388700000094,-23065.67570000006
2026-02-13T13:07:57.000000,-3114.2869999999416,-19996.215450000094,-23110.50245000006
2026-02-13T13:08:02.000000,-3114.2869999999416,-20041.042200000094,-23155.329200000062
2026-02-13T13:08:07.000000,-3114.2869999999416,-20085.868950000095,-23200.155950000062
2026-02-13T13:08:12.000000,-3114.2869999999416,-20127.604200000093,-23241.89120000006
2026-02-13T13:23:02.000000,-3158.150399999941,-20127.604200000093,-23285.75460000006
2026-02-13T13:23:07.000000,-3202.01379999994,-20127.604200000093,-23329.618000000057
2026-02-13T13:23:12.000000,-3245.8771999999394,-20127.604200000093,-23373.481400000055
2026-02-13T13:23:17.000000,-3289.7405999999387,-20127.604200000093,-23417.344800000054
2026-02-13T13:23:22.000000,-3333.603999999938,-20127.604200000093,-23461.208200000052
2026-02-13T13:23:27.000000,-3336.169899999938,-20127.604200000093,-23463.774100000053
2026-02-13T13:25:47.000000,-3423.015081102302,-20127.604200000093,-23550.619281102416
2026-02-13T13:25:52.000000,-3509.8602622046656,-20127.604200000093,-23637.464462204778
2026-02-13T13:25:57.000000,-3596.7054433070293,-20127.604200000093,-23724.30964330714
2026-02-13T13:26:02.000000,-3683.550624409393,-20127.604200000093,-23811.154824409503
2026-02-13T13:26:07.000000,-3716.491899999945,-20127.604200000093,-23844.096100000053
2026-02-13T13:40:52.000000,-2171.507199999943,-20127.604200000093,-22299.111400000053
2026-02-13T13:48:02.000000,-2171.507199999943,-20169.395300000095,-22340.902500000055
2026-02-13T13:48:07.000000,-2171.507199999943,-20211.186400000097,-22382.693600000057
2026-02-13T13:48:12.000000,-2171.507199999943,-20252.9775000001,-22424.48470000006
2026-02-13T13:48:17.000000,-2171.507199999943,-20294.7686000001,-22466.27580000006
2026-02-13T13:48:22.000000,-2171.507199999943,-20336.559700000103,-22508.066900000063
2026-02-13T13:48:27.000000,-2171.507199999943,-20338.167050000102,-22509.674250000062
2026-02-13T13:49:32.000000,-2171.507199999943,-20353.9366500001,-22525.44385000006
2026-02-13T13:49:37.000000,-2171.507199999943,-20369.7062500001,-22541.21345000006
2026-02-13T13:49:42.000000,-2171.507199999943,-20385.4758500001,-22556.98305000006
2026-02-13T13:49:47.000000,-2171.507199999943,-20400.1190500001,-22571.62625000006
2026-02-13T13:53:27.000000,-2171.507199999943,-20390.457132677268,-22561.964332677228
2026-02-13T13:53:32.000000,-2171.507199999943,-20380.795215354436,-22552.302415354396
2026-02-13T13:53:37.000000,-2171.507199999943,-20345.129398031604,-22516.636598031564
2026-02-13T13:53:42.000000,-2171.507199999943,-20309.463580708772,-22480.970780708732
2026-02-13T13:53:47.000000,-2171.507199999943,-20277.913050000112,-22449.420250000072
2026-02-13T13:55:52.000000,-2171.507199999943,-20293.480250000113,-22464.987450000073
2026-02-13T13:55:57.000000,-2171.507199999943,-20309.047450000115,-22480.554650000075
2026-02-13T13:56:02.000000,-2171.507199999943,-20324.614650000116,-22496.121850000076
2026-02-13T13:56:07.000000,-2171.507199999943,-20340.181850000117,-22511.689050000077
2026-02-13T13:56:12.000000,-2171.507199999943,-20347.69705000012,-22519.20425000008
2026-02-13T14:15:57.000000,-2171.507199999943,-20348.818650000117,-22520.325850000077
2026-02-13T14:17:47.000000,-2171.507199999943,-20392.614850000118,-22564.122050000078
2026-02-13T14:17:52.000000,-2171.507199999943,-20430.15445000012,-22601.66165000008
2026-02-13T14:28:17.000000,-2171.507199999943,-20497.97025000012,-22669.47745000008
2026-02-13T14:28:22.000000,-2171.507199999943,-20565.78605000012,-22737.29325000008
2026-02-13T14:28:27.000000,-2171.507199999943,-20620.56035000012,-22792.06755000008
2026-02-13T14:33:57.000000,-2171.507199999943,-20716.033000000123,-22887.540200000083
2026-02-13T14:37:32.000000,-2171.507199999943,-20739.625800000125,-22911.133000000085
2026-02-13T14:40:07.000000,-2171.507199999943,-20755.281000000126,-22926.788200000086
2026-02-13T14:40:12.000000,-2171.507199999943,-20770.936200000127,-22942.443400000087
2026-02-13T14:40:17.000000,-2171.507199999943,-20786.59140000013,-22958.09860000009
2026-02-13T14:40:22.000000,-2171.507199999943,-20802.24660000013,-22973.75380000009
2026-02-13T14:40:27.000000,-2171.507199999943,-20805.56740000013,-22977.07460000009
2026-02-13T14:44:47.000000,-2024.0431874999445,-20805.56740000013,-22829.610587500094
2026-02-13T14:44:52.000000,-2002.9768999999446,-20805.56740000013,-22808.544300000096
2026-02-24T10:15:27.000000,-2002.9768999999446,-20821.49380000013,-22824.470700000096
2026-02-24T10:15:32.000000,-2002.9768999999446,-20837.42020000013,-22840.397100000097
2026-02-24T10:15:37.000000,-2002.9768999999446,-20853.34660000013,-22856.323500000097
2026-02-24T10:15:42.000000,-2002.9768999999446,-20867.566600000133,-22870.543500000098
2026-02-24T10:18:17.000000,-2002.9768999999446,-20988.265060317593,-22991.24196031756
2026-02-24T10:18:32.000000,-2002.9768999999446,-21014.490109920767,-23017.467009920732
2026-02-24T10:18:52.000000,-2002.9768999999446,-21135.188570238228,-23138.165470238193
2026-02-24T10:20:17.000000,-2002.9768999999446,-21262.860471248747,-23265.837371248712
2026-02-24T10:20:22.000000,-2002.9768999999446,-21416.536272259265,-23419.51317225923
2026-02-24T10:20:27.000000,-2002.9768999999446,-21570.212073269784,-23573.18897326975
2026-02-24T10:20:32.000000,-2002.9768999999446,-21723.887874280303,-23726.864774280268
2026-02-24T10:20:37.000000,-2002.9768999999446,-21877.56367529082,-23880.540575290786
2026-02-24T10:20:42.000000,-2002.9768999999446,-22031.23947630134,-24034.216376301305
2026-02-24T10:20:47.000000,-2002.9768999999446,-22125.80920000012,-24128.786100000085
2026-02-24T10:26:17.000000,-2002.9768999999446,-22193.41700000012,-24196.393900000086
2026-02-24T10:26:22.000000,-2002.9768999999446,-22261.024800000123,-24264.001700000088
2026-02-24T10:26:27.000000,-2002.9768999999446,-22274.02630000012,-24277.003200000087
2026-02-24T10:33:12.000000,-2002.9768999999446,-22347.480860000123,-24350.45776000009
2026-02-24T10:33:12.000000,-2002.9768999999446,-22393.365116209276,-24396.34201620924
2026-02-24T10:33:17.000000,-2002.9768999999446,-22466.819676209278,-24469.796576209243
2026-02-24T10:33:17.000000,-2002.9768999999446,-22512.70393241843,-24515.680832418395
2026-02-24T10:33:22.000000,-2002.9768999999446,-22586.15849241843,-24589.135392418397
2026-02-24T10:33:22.000000,-2002.9768999999446,-22632.042748627584,-24635.01964862755
2026-02-24T10:33:27.000000,-2002.9768999999446,-22705.497308627586,-24708.47420862755
2026-02-24T10:33:27.000000,-2002.9768999999446,-22751.381564836738,-24754.358464836703
2026-02-24T10:33:32.000000,-2002.9768999999446,-22824.83612483674,-24827.813024836705
2026-02-24T10:33:32.000000,-2002.9768999999446,-22870.720381045892,-24873.697281045857
2026-02-24T10:33:37.000000,-2002.9768999999446,-22911.310300000143,-24914.287200000108
2026-02-24T10:36:07.000000,-2002.9768999999446,-22956.206650000146,-24959.18355000011
2026-02-24T10:36:22.000000,-2002.9768999999446,-22977.880750000146,-24980.85765000011
2026-02-24T10:40:47.000000,-2002.9768999999446,-23022.77710000015,-25025.754000000114
2026-02-24T10:40:52.000000,-2002.9768999999446,-23067.67345000015,-25070.650350000116
2026-02-24T10:40:57.000000,-2002.9768999999446,-23112.569800000154,-25115.54670000012
2026-02-24T10:41:02.000000,-2002.9768999999446,-23115.666100000155,-25118.64300000012
2026-02-24T10:47:22.000000,-2002.9768999999446,-23120.809100000155,-25123.78600000012
2026-02-24T10:52:17.000000,-2002.9768999999446,-23165.589450000156,-25168.56635000012
2026-02-24T10:52:22.000000,-2002.9768999999446,-23210.369800000157,-25213.346700000122
2026-02-24T10:52:27.000000,-2002.9768999999446,-23255.150150000158,-25258.127050000123
2026-02-24T10:52:32.000000,-2002.9768999999446,-23299.93050000016,-25302.907400000124
2026-02-24T10:52:37.000000,-2002.9768999999446,-23344.71085000016,-25347.687750000125
2026-02-24T10:52:42.000000,-2002.9768999999446,-23347.79915000016,-25350.776050000124
2026-02-24T11:02:02.000000,-2002.9768999999446,-23569.87247000016,-25572.849370000124
2026-02-24T11:02:07.000000,-2002.9768999999446,-23777.94369000016,-25780.920590000125
2026-02-24T11:02:12.000000,-2002.9768999999446,-24000.01701000016,-26002.993910000125
2026-02-24T11:02:17.000000,-2002.9768999999446,-24208.08823000016,-26211.065130000126
2026-02-24T11:02:22.000000,-2002.9768999999446,-24430.16155000016,-26433.138450000126
2026-02-24T11:02:27.000000,-2002.9768999999446,-24509.47345000016,-26512.450350000126
2026-02-24T11:27:37.000000,-2055.582524999946,-24509.47345000016,-26565.055975000127
2026-02-24T13:02:37.000000,-2247.912734259206,-24509.47345000016,-26757.386184259387
2026-02-24T13:02:42.000000,-2440.242943518466,-24509.47345000016,-26949.716393518647
2026-02-24T13:02:47.000000,-2632.5731527777257,-24509.47345000016,-27142.046602777908
2026-02-24T13:02:52.000000,-2654.765099999948,-24509.47345000016,-27164.23855000013
2026-02-24T13:30:07.000000,-2654.765099999948,-24525.39139124104,-27180.156491241007
2026-02-24T13:30:07.000000,-2627.991227272676,-24525.39139124104,-27153.382618513737
2026-02-24T13:30:12.000000,-2627.991227272676,-24541.309332481916,-27169.300559754614
2026-02-24T13:30:12.000000,-2607.2134545454032,-24541.309332481916,-27148.52278702734
2026-02-24T13:30:17.000000,-2607.2134545454032,-24557.227273722794,-27164.44072826822
2026-02-24T13:30:17.000000,-2586.4356818181304,-24557.227273722794,-27143.662955540945
2026-02-24T13:30:22.000000,-2586.4356818181304,-24573.14521496367,-27159.580896781823
2026-02-24T13:30:22.000000,-2565.6579090908576,-24573.14521496367,-27138.80312405455
2026-02-24T13:30:27.000000,-2565.6579090908576,-24584.67200000017,-27150.329909091048
2026-02-24T13:30:27.000000,-2544.880136363585,-24584.67200000017,-27129.552136363774
2026-02-24T13:30:32.000000,-2534.4912499999486,-24584.67200000017,-27119.16325000014
2026-02-24T13:53:12.000000,-2534.4912499999486,-24600.18880000017,-27134.68005000014
2026-02-24T13:53:17.000000,-2534.4912499999486,-24615.705600000172,-27150.196850000142
2026-02-24T13:53:22.000000,-2534.4912499999486,-24631.222400000173,-27165.713650000143
2026-02-24T13:53:27.000000,-2534.4912499999486,-24646.739200000175,-27181.230450000145
2026-02-24T13:53:32.000000,-2534.4912499999486,-24662.256000000176,-27196.747250000146
2026-02-24T13:53:37.000000,-2534.4912499999486,-24664.643200000177,-27199.134450000147
2026-02-25T10:05:32.000000,-2571.4341772726766,-24664.643200000177,-27236.077377272875
2026-02-25T10:05:37.000000,-2608.3771045454046,-24664.643200000177,-27273.020304545604
2026-02-25T10:05:42.000000,-2651.3161318181333,-24664.643200000177,-27315.959331818332
2026-02-25T10:05:47.000000,-2700.251259090861,-24664.643200000177,-27364.89445909106
2026-02-25T10:05:52.000000,-2749.1863863635886,-24664.643200000177,-27413.82958636379
2026-02-25T10:05:52.000000,-2749.1863863635886,-24716.248030232735,-27465.43441659635
2026-02-25T10:05:57.000000,-2764.659799999952,-24716.248030232735,-27480.90783023271
2026-02-25T10:05:57.000000,-2764.659799999952,-24767.852860465293,-27532.51266046527
2026-02-25T10:06:02.000000,-2764.659799999952,-24819.45769069785,-27584.117490697827
2026-02-25T10:06:07.000000,-2764.659799999952,-24871.06252093041,-27635.722320930385
2026-02-25T10:06:12.000000,-2764.659799999952,-24920.682550000176,-27685.34235000015
2026-02-25T10:15:07.000000,-2806.964506249953,-24920.682550000176,-27727.647056250153
2026-02-25T10:15:12.000000,-2849.269212499954,-24920.682550000176,-27769.951762500154
2026-02-25T10:15:17.000000,-2900.568068749956,-24920.682550000176,-27821.250618750157
2026-02-25T10:15:22.000000,-2951.8669249999584,-24920.682550000176,-27872.54947500016
2026-02-25T10:15:27.000000,-3003.1657812499607,-24920.682550000176,-27923.848331250163
2026-02-25T10:15:32.000000,-3020.2653999999616,-24920.682550000176,-27940.947950000165
2026-02-25T10:21:02.000000,-3020.2653999999616,-24964.866382335505,-27985.131782335495
2026-02-25T10:21:07.000000,-3020.2653999999616,-25009.050214670835,-28029.315614670824
2026-02-25T10:21:12.000000,-3020.2653999999616,-25053.234047006164,-28073.499447006154
2026-02-25T10:21:17.000000,-3020.2653999999616,-25097.417879341494,-28117.683279341483
2026-02-25T10:21:22.000000,-3020.2653999999616,-25141.601711676823,-28161.867111676813
2026-02-25T10:21:27.000000,-3020.2653999999616,-25185.785544012153,-28206.050944012142
2026-02-25T10:21:32.000000,-3020.2653999999616,-25215.830550000177,-28236.095950000166
2026-02-25T10:24:12.000000,-3198.8529304687113,-25215.830550000177,-28414.683480468917
2026-02-25T10:24:17.000000,-3377.440460937461,-25215.830550000177,-28593.271010937668
2026-02-25T10:24:22.000000,-3556.0279914062107,-25215.830550000177,-28771.85854140642
2026-02-25T10:24:27.000000,-3734.6155218749605,-25215.830550000177,-28950.44607187517
2026-02-25T10:24:32.000000,-3899.4655499999603,-25215.830550000177,-29115.296100000167
2026-02-25T10:39:27.000000,-3890.157331818142,-25215.830550000177,-29105.98788181835
2026-02-25T10:39:32.000000,-3880.849113636324,-25215.830550000177,-29096.679663636532
2026-02-25T10:39:37.000000,-3877.5369954545067,-25215.830550000177,-29093.367545454716
2026-02-25T10:39:42.000000,-3874.2248772726894,-25215.830550000177,-29090.0554272729
2026-02-25T10:39:47.000000,-3870.912759090872,-25215.830550000177,-29086.74330909108
2026-02-25T10:39:52.000000,-3872.2547499999628,-25215.830550000177,-29088.085300000173
2026-02-25T11:09:27.000000,-3872.2547499999628,-25248.677650000176,-29120.932400000172
2026-02-25T11:24:37.000000,-3905.9283934782243,-25248.677650000176,-29154.606043478434
2026-02-25T11:24:42.000000,-3933.605936956485,-25248.677650000176,-29182.283586956695
2026-02-25T11:24:47.000000,-3955.287380434747,-25248.677650000176,-29203.965030434956
2026-02-25T11:24:52.000000,-3976.9688239130087,-25248.677650000176,-29225.646473913217
2026-02-25T11:24:57.000000,-3998.6502673912705,-25248.677650000176,-29247.327917391478
2026-02-25T11:25:02.000000,-4020.3317108695323,-25248.677650000176,-29269.00936086974
2026-02-25T11:25:07.000000,-4042.013154347794,-25248.677650000176,-29290.690804348
2026-02-25T11:25:12.000000,-4052.470049999968,-25248.677650000176,-29301.147700000172
2026-02-25T11:26:42.000000,-4052.470049999968,-25330.93849000018,-29383.408540000175
2026-02-25T11:26:47.000000,-4052.470049999968,-25413.19933000018,-29465.669380000178
2026-02-25T11:26:52.000000,-4052.470049999968,-25495.460170000184,-29547.93022000018
2026-02-25T11:26:57.000000,-4052.470049999968,-25577.721010000187,-29630.191060000183
2026-02-25T11:27:02.000000,-4052.470049999968,-25659.98185000019,-29712.451900000186
2026-02-25T13:10:47.000000,-4052.470049999968,-25722.601030000187,-29775.071080000183
2026-02-25T13:10:52.000000,-4052.470049999968,-25759.21631000019,-29811.686360000185
2026-02-25T13:10:57.000000,-4052.470049999968,-25795.83159000019,-29848.301640000187
2026-02-25T13:11:02.000000,-4052.470049999968,-25832.446870000193,-29884.91692000019
2026-02-25T13:11:07.000000,-4052.470049999968,-25843.058250000195,-29895.52830000019
2026-02-25T13:15:17.000000,-4052.470049999968,-25841.678750000196,-29894.148800000192
2026-02-25T13:39:02.000000,-4110.957965384583,-25841.678750000196,-29952.636715384808
2026-02-25T13:39:07.000000,-4169.445880769198,-25841.678750000196,-30011.124630769424
2026-02-25T13:39:12.000000,-4227.933796153813,-25841.678750000196,-30069.61254615404
2026-02-25T13:39:17.000000,-4264.436011538429,-25841.678750000196,-30106.114761538654
2026-02-25T13:39:22.000000,-4300.938226923045,-25841.678750000196,-30142.61697692327
2026-02-25T13:39:27.000000,-4337.44044230766,-25841.678750000196,-30179.119192307884
2026-02-25T13:39:32.000000,-4355.691549999968,-25841.678750000196,-30197.37030000019
2026-02-25T13:40:12.000000,-4355.691549999968,-25788.860046875197,-30144.551596875193
2026-02-25T13:40:17.000000,-4355.691549999968,-25736.0413437502,-30091.732893750195
2026-02-25T13:40:22.000000,-4355.691549999968,-25683.2226406252,-30038.914190625197
2026-02-25T13:40:27.000000,-4355.691549999968,-25639.4052875002,-29995.096837500198
2026-02-25T13:40:32.000000,-4355.691549999968,-25595.587934375202,-29951.279484375198
2026-02-25T13:40:37.000000,-4355.691549999968,-25580.982150000204,-29936.6737000002
2026-02-25T13:49:47.000000,-4355.691549999968,-25648.186493373698,-30003.878043373694
2026-02-25T13:49:52.000000,-4355.691549999968,-25715.390836747192,-30071.082386747188
2026-02-25T13:49:57.000000,-4355.691549999968,-25782.595180120687,-30138.286730120682
2026-02-25T13:50:02.000000,-4355.691549999968,-25849.79952349418,-30205.491073494177
2026-02-25T13:50:07.000000,-4355.691549999968,-25917.003866867675,-30272.69541686767
2026-02-25T13:50:12.000000,-4355.691549999968,-25979.407900000206,-30335.0994500002
2026-02-25T13:57:12.000000,-4355.691549999968,-25995.177500000205,-30350.8690500002
2026-02-25T13:57:17.000000,-4355.691549999968,-26010.947100000205,-30366.6386500002
2026-02-25T13:57:22.000000,-4355.691549999968,-26026.716700000205,-30382.4082500002
2026-02-25T13:57:27.000000,-4355.691549999968,-26035.164700000205,-30390.8562500002
2026-02-25T14:00:07.000000,-4355.691549999968,-26050.738300000205,-30406.4298500002
2026-02-25T14:00:12.000000,-4355.691549999968,-26066.311900000204,-30422.0034500002
2026-02-25T14:00:17.000000,-4355.691549999968,-26081.885500000204,-30437.5770500002
2026-02-25T14:00:22.000000,-4355.691549999968,-26097.459100000204,-30453.1506500002
2026-02-25T14:00:27.000000,-4355.691549999968,-26098.035900000203,-30453.7274500002
2026-02-25T14:03:27.000000,-4355.691549999968,-26068.848000000202,-30424.539550000198
2026-02-25T14:28:52.000000,-4442.452703488339,-26068.848000000202,-30511.300703488567
2026-02-25T14:31:42.000000,-4552.348040988336,-26068.848000000202,-30621.196040988565
2026-02-25T14:31:47.000000,-4675.234928488336,-26068.848000000202,-30744.082928488566
2026-02-25T14:31:52.000000,-4785.130265988333,-26068.848000000202,-30853.978265988564
2026-02-25T14:31:57.000000,-4882.034053488331,-26068.848000000202,-30950.882053488564
2026-02-25T14:32:52.000000,-4812.731427519338,-26068.848000000202,-30881.57942751957
2026-02-25T14:32:57.000000,-4743.428801550344,-26068.848000000202,-30812.276801550575
2026-02-25T14:33:02.000000,-4674.126175581351,-26068.848000000202,-30742.97417558158
2026-02-25T14:33:07.000000,-4632.544599999956,-26068.848000000202,-30701.392600000185
2026-02-25T14:44:02.000000,-4632.544599999956,-26084.6176000002,-30717.162200000184
2026-02-25T14:44:07.000000,-4632.544599999956,-26100.3872000002,-30732.931800000184
2026-02-25T14:44:12.000000,-4632.544599999956,-26116.1568000002,-30748.701400000184
2026-02-25T14:44:17.000000,-4632.544599999956,-26131.9264000002,-30764.471000000183
2026-02-25T14:44:22.000000,-4632.544599999956,-26147.2032000002,-30779.747800000183
2026-02-26T10:02:52.000000,-4632.544599999956,-26313.4079250002,-30945.952525000183
2026-02-26T10:02:57.000000,-4632.544599999956,-26503.6162500002,-31136.160850000182
2026-02-26T10:03:02.000000,-4632.544599999956,-26693.8245750002,-31326.36917500018
2026-02-26T10:03:07.000000,-4632.544599999956,-26896.0347000002,-31528.579300000183
2026-02-26T10:03:12.000000,-4632.544599999956,-27122.2484250002,-31754.793025000185
2026-02-26T10:03:17.000000,-4632.544599999956,-27205.6542000002,-31838.198800000184
2026-02-26T10:12:32.000000,-4674.418899999955,-27205.6542000002,-31880.073100000183
2026-02-26T10:12:37.000000,-4716.293199999955,-27205.6542000002,-31921.947400000183
2026-02-26T10:12:42.000000,-4758.167499999954,-27205.6542000002,-31963.821700000182
2026-02-26T10:12:47.000000,-4800.041799999954,-27205.6542000002,-32005.69600000018
2026-02-26T10:12:52.000000,-4841.916099999953,-27205.6542000002,-32047.57030000018
2026-02-26T10:12:57.000000,-4861.2426999999525,-27205.6542000002,-32066.89690000018
2026-02-26T10:31:42.000000,-4905.953449999952,-27205.6542000002,-32111.60765000018
2026-02-26T10:31:47.000000,-4950.664199999951,-27205.6542000002,-32156.31840000018
2026-02-26T10:31:52.000000,-4995.37494999995,-27205.6542000002,-32201.029150000177
2026-02-26T10:31:57.000000,-5040.08569999995,-27205.6542000002,-32245.739900000175
2026-02-26T10:32:02.000000,-5083.254699999949,-27205.6542000002,-32288.908900000173
2026-02-26T10:36:07.000000,-5135.8208966850325,-27205.6542000002,-32341.475096685255
2026-02-26T10:36:12.000000,-5188.387093370116,-27205.6542000002,-32394.041293370337
2026-02-26T10:36:17.000000,-5240.9532900552,-27205.6542000002,-32446.60749005542
2026-02-26T10:36:22.000000,-5293.519486740284,-27205.6542000002,-32499.1736867405
2026-02-26T10:36:27.000000,-5346.085683425368,-27205.6542000002,-32551.739883425584
2026-02-26T10:36:32.000000,-5398.651880110452,-27205.6542000002,-32604.306080110666
2026-02-26T10:36:37.000000,-5449.196299999955,-27205.6542000002,-32654.850500000168
2026-02-26T10:48:52.000000,-5442.411099999955,-27205.6542000002,-32648.06530000017
2026-02-26T10:56:57.000000,-5442.411099999955,-27199.860240000202,-32642.27134000017
2026-02-26T10:57:02.000000,-5442.411099999955,-27194.066280000203,-32636.47738000017
2026-02-26T10:57:07.000000,-5442.411099999955,-27188.272320000204,-32630.683420000172
2026-02-26T10:57:12.000000,-5442.411099999955,-27182.478360000205,-32624.889460000173
2026-02-26T10:57:17.000000,-5442.411099999955,-27176.684400000206,-32619.095500000174
2026-02-26T10:58:12.000000,-5442.411099999955,-27221.395150000208,-32663.806250000176
2026-02-26T10:58:17.000000,-5442.411099999955,-27266.10590000021,-32708.517000000178
2026-02-26T10:58:22.000000,-5442.411099999955,-27310.81665000021,-32753.22775000018
2026-02-26T10:58:27.000000,-5442.411099999955,-27355.527400000214,-32797.93850000018
2026-02-26T10:58:32.000000,-5442.411099999955,-27400.238150000216,-32842.64925000018
2026-02-26T10:58:37.000000,-5442.411099999955,-27401.779900000216,-32844.19100000017
2026-02-26T11:16:17.000000,-5442.411099999955,-27446.46745000022,-32888.878550000176
2026-02-26T11:16:22.000000,-5442.411099999955,-27491.15500000022,-32933.56610000018
2026-02-26T11:16:27.000000,-5442.411099999955,-27535.842550000223,-32978.25365000018
2026-02-26T11:16:32.000000,-5442.411099999955,-27580.530100000226,-33022.94120000018
2026-02-26T11:16:37.000000,-5442.411099999955,-27608.267200000228,-33050.67830000018
2026-02-26T11:21:22.000000,-5442.411099999955,-27652.041000000227,-33094.452100000184
2026-02-26T11:21:27.000000,-5442.411099999955,-27667.810600000226,-33110.221700000184
2026-02-26T11:21:32.000000,-5442.411099999955,-27683.580200000226,-33125.99130000018
2026-02-26T11:21:37.000000,-5442.411099999955,-27699.349800000226,-33141.76090000018
2026-02-26T11:21:42.000000,-5442.411099999955,-27709.487400000224,-33151.898500000185
2026-02-26T11:22:22.000000,-5442.411099999955,-27750.883300000223,-33193.29440000018
2026-02-26T11:22:27.000000,-5442.411099999955,-27792.279200000223,-33234.69030000018
2026-02-26T11:22:32.000000,-5442.411099999955,-27833.675100000222,-33276.08620000017
2026-02-26T11:22:37.000000,-5442.411099999955,-27875.071000000222,-33317.48210000017
2026-02-26T11:22:42.000000,-5442.411099999955,-27916.46690000022,-33358.878000000164
2026-02-26T11:22:47.000000,-5442.411099999955,-27919.651200000222,-33362.062300000165
2026-02-26T13:02:17.000000,-5442.411099999955,-27987.467000000222,-33429.87810000017
2026-02-26T13:02:22.000000,-5442.411099999955,-28055.282800000223,-33497.69390000017
2026-02-26T13:02:22.000000,-5442.411099999955,-28118.68520000022,-33561.09630000017
2026-02-26T13:02:27.000000,-5442.411099999955,-28186.501000000222,-33628.912100000176
2026-02-26T13:02:32.000000,-5442.411099999955,-28254.316800000222,-33696.72790000018
2026-02-26T13:02:37.000000,-5442.411099999955,-28322.132600000223,-33764.543700000184
2026-02-26T13:05:42.000000,-5442.411099999955,-28405.881200000225,-33848.29230000019
2026-02-26T13:06:52.000000,-5442.411099999955,-28489.629800000228,-33932.0409000002
2026-02-26T13:07:47.000000,-5442.411099999955,-28496.758700000228,-33939.1698000002
2026-02-26T13:10:12.000000,-5442.411099999955,-28538.63300000023,-33981.0441000002
2026-02-26T13:10:17.000000,-5442.411099999955,-28540.243550000232,-33982.6546500002
2026-02-26T13:11:42.000000,-5442.411099999955,-28577.910850000233,-34020.3219500002
2026-02-26T13:11:47.000000,-5442.411099999955,-28615.578150000234,-34057.9892500002
2026-02-26T13:11:52.000000,-5442.411099999955,-28653.245450000235,-34095.6565500002
2026-02-26T13:11:57.000000,-5442.411099999955,-28690.912750000236,-34133.323850000204
2026-02-26T13:12:02.000000,-5442.411099999955,-28726.867900000234,-34169.279000000206
2026-02-26T13:13:32.000000,-5442.411099999955,-28774.61670000023,-34217.02780000021
2026-02-26T13:13:37.000000,-5442.411099999955,-28822.36550000023,-34264.77660000021
2026-02-26T13:13:42.000000,-5442.411099999955,-28870.114300000227,-34312.52540000021
2026-02-26T13:13:47.000000,-5442.411099999955,-28917.863100000224,-34360.27420000021
2026-02-26T13:13:52.000000,-5442.411099999955,-28964.119750000224,-34406.53085000021
2026-02-26T13:14:07.000000,-5442.411099999955,-29005.973250000225,-34448.384350000204
2026-02-26T13:15:52.000000,-5442.411099999955,-29027.918850000224,-34470.3299500002
2026-02-26T13:38:07.000000,-5442.411099999955,-29031.133550000224,-34473.5446500002
2026-02-26T13:50:12.000000,-5442.411099999955,-29046.877550000223,-34489.2886500002
2026-02-26T13:50:17.000000,-5442.411099999955,-29062.62155000022,-34505.0326500002
2026-02-26T13:50:22.000000,-5442.411099999955,-29078.36555000022,-34520.776650000196
2026-02-26T13:50:27.000000,-5442.411099999955,-29094.10955000022,-34536.520650000195
2026-02-26T13:50:32.000000,-5442.411099999955,-29109.36155000022,-34551.772650000195
2026-02-26T14:01:47.000000,-5442.411099999955,-29157.79539888911,-34600.206498889085
2026-02-26T14:01:52.000000,-5442.411099999955,-29206.229247778,-34648.640347777975
2026-02-26T14:01:57.000000,-5442.411099999955,-29219.577850000223,-34661.988950000195
2026-02-27T10:07:02.000000,-5558.13940476186,-29219.577850000223,-34777.7172547621
2026-02-27T10:10:02.000000,-5603.991471428527,-29219.577850000223,-34823.56932142877
2026-02-27T10:10:07.000000,-5649.843538095194,-29219.577850000223,-34869.421388095434
2026-02-27T10:10:12.000000,-5695.695604761861,-29219.577850000223,-34915.2734547621
2026-02-27T10:10:17.000000,-5741.547671428529,-29219.577850000223,-34961.12552142877
2026-02-27T10:10:22.000000,-5787.399738095196,-29219.577850000223,-35006.97758809543
2026-02-27T10:10:27.000000,-5794.865354761862,-29219.577850000223,-35014.4432047621
2026-02-27T10:10:52.000000,-5790.104223809481,-29219.577850000223,-35009.682073809716
2026-02-27T10:10:57.000000,-5785.343092857099,-29219.577850000223,-35004.92094285733
2026-02-27T10:11:02.000000,-5783.057749999955,-29219.577850000223,-35002.63560000018
2026-02-27T10:21:07.000000,-5783.057749999955,-29281.95339594617,-35065.01114594613
2026-02-27T10:21:12.000000,-5783.057749999955,-29344.328941892116,-35127.38669189208
2026-02-27T10:21:17.000000,-5783.057749999955,-29406.704487838062,-35189.76223783803
2026-02-27T10:21:22.000000,-5783.057749999955,-29469.08003378401,-35252.13778378398
2026-02-27T10:21:27.000000,-5783.057749999955,-29476.010650000226,-35259.0684000002
2026-02-27T10:23:17.000000,-5783.057749999955,-29507.629180000225,-35290.6869300002
2026-02-27T10:23:22.000000,-5783.057749999955,-29539.247710000225,-35322.3054600002
2026-02-27T10:23:27.000000,-5783.057749999955,-29570.866240000225,-35353.9239900002
2026-02-27T10:23:32.000000,-5783.057749999955,-29602.484770000225,-35385.5425200002
2026-02-27T10:23:37.000000,-5783.057749999955,-29634.103300000224,-35417.1610500002
2026-02-27T10:24:47.000000,-5783.057749999955,-29711.198116352425,-35494.2558663524
2026-02-27T10:24:52.000000,-5783.057749999955,-29788.292932704626,-35571.35068270461
2026-02-27T10:24:57.000000,-5783.057749999955,-29865.387749056827,-35648.44549905681
2026-02-27T10:25:02.000000,-5783.057749999955,-29942.482565409027,-35725.540315409016
2026-02-27T10:25:07.000000,-5783.057749999955,-30019.577381761228,-35802.63513176122
2026-02-27T10:25:12.000000,-5783.057749999955,-30029.52510000022,-35812.58285000022
2026-02-27T10:25:47.000000,-5783.057749999955,-30053.527500000222,-35836.585250000215
2026-02-27T10:30:42.000000,-5783.057749999955,-30005.517900000224,-35788.57565000022
2026-02-27T10:30:47.000000,-5783.057749999955,-29957.508300000227,-35740.56605000022
2026-02-27T10:30:52.000000,-5783.057749999955,-29909.49870000023,-35692.55645000022
2026-02-27T10:30:57.000000,-5783.057749999955,-29861.48910000023,-35644.546850000224
2026-02-27T10:31:12.000000,-5783.057749999955,-29902.07285000023,-35685.13060000022
2026-02-27T10:31:17.000000,-5783.057749999955,-29942.656600000228,-35725.71435000022
2026-02-27T10:31:22.000000,-5783.057749999955,-29983.240350000226,-35766.29810000022
2026-02-27T10:31:27.000000,-5783.057749999955,-30023.824100000224,-35806.881850000216
2026-02-27T10:31:32.000000,-5783.057749999955,-30064.40785000022,-35847.465600000214
2026-02-27T10:39:22.000000,-5783.057749999955,-30080.197450000225,-35863.25520000022
2026-02-27T10:39:27.000000,-5783.057749999955,-30095.98705000023,-35879.04480000022
2026-02-27T10:39:32.000000,-5783.057749999955,-30111.776650000233,-35894.834400000225
2026-02-27T10:39:37.000000,-5783.057749999955,-30127.566250000236,-35910.62400000023
2026-02-27T10:39:42.000000,-5783.057749999955,-30143.35585000024,-35926.41360000023
2026-02-27T10:43:02.000000,-5767.750669999954,-30143.35585000024,-35911.106520000234
2026-02-27T10:43:07.000000,-5752.443589999953,-30143.35585000024,-35895.799440000235
2026-02-27T10:43:12.000000,-5737.136509999951,-30143.35585000024,-35880.49236000024
2026-02-27T10:43:17.000000,-5721.82942999995,-30143.35585000024,-35865.18528000024
2026-02-27T10:43:22.000000,-5706.522349999948,-30143.35585000024,-35849.87820000024
2026-02-27T10:47:57.000000,-5706.522349999948,-30240.47700000024,-35946.99935000024
2026-02-27T10:59:47.000000,-5772.843667391253,-30240.47700000024,-36013.32066739154
2026-02-27T10:59:52.000000,-5839.164984782557,-30240.47700000024,-36079.641984782844
2026-02-27T10:59:57.000000,-5877.50450217386,-30240.47700000024,-36117.981502174145
2026-02-27T11:00:02.000000,-5915.844019565162,-30240.47700000024,-36156.32101956545
2026-02-27T11:00:07.000000,-5951.444999999943,-30240.47700000024,-36191.922000000224
2026-02-27T11:04:47.000000,-5951.444999999943,-30311.06134579463,-36262.506345794616
2026-02-27T11:04:52.000000,-5951.444999999943,-30381.645691589023,-36333.09069158901
2026-02-27T11:04:57.000000,-5951.444999999943,-30452.230037383415,-36403.6750373834
2026-02-27T11:05:02.000000,-5951.444999999943,-30497.810633177807,-36449.255633177796
2026-02-27T11:05:07.000000,-5951.444999999943,-30543.3912289722,-36494.83622897219
2026-02-27T11:05:12.000000,-5951.444999999943,-30588.97182476659,-36540.41682476659
2026-02-27T11:05:17.000000,-5951.444999999943,-30634.552420560984,-36585.99742056098
2026-02-27T11:05:22.000000,-5951.444999999943,-30680.133016355376,-36631.57801635538
2026-02-27T11:05:27.000000,-5951.444999999943,-30719.660250000234,-36671.10525000024
2026-02-27T11:10:47.000000,-5951.444999999943,-30764.41740000023,-36715.86240000024
2026-02-27T11:10:52.000000,-5951.444999999943,-30809.17455000023,-36760.619550000236
2026-02-27T11:10:57.000000,-5951.444999999943,-30853.931700000227,-36805.37670000023
2026-02-27T11:11:02.000000,-5951.444999999943,-30898.688850000224,-36850.13385000023
2026-02-27T11:11:07.000000,-5951.444999999943,-30941.902650000222,-36893.34765000023
2026-02-27T11:13:47.000000,-5951.444999999943,-31160.251792857365,-37111.69679285737
2026-02-27T11:13:52.000000,-5951.444999999943,-31402.60453571451,-37354.04953571452
2026-02-27T11:13:57.000000,-5951.444999999943,-31704.96627857165,-37656.411278571664
2026-02-27T11:14:02.000000,-5951.444999999943,-32007.328021428795,-37958.77302142881
2026-02-27T11:14:07.000000,-5951.444999999943,-32285.68616428594,-38237.13116428595
2026-02-27T11:14:12.000000,-5951.444999999943,-32349.274800000225,-38300.71980000024
2026-02-27T11:22:17.000000,-5951.444999999943,-32341.271800000224,-38292.71680000024
2026-02-27T11:24:22.000000,-5951.444999999943,-32367.563200000226,-38319.008200000244
2026-02-27T11:24:27.000000,-5951.444999999943,-32393.854600000228,-38345.299600000246
2026-02-27T11:24:32.000000,-5951.444999999943,-32420.14600000023,-38371.59100000025
2026-02-27T11:24:37.000000,-5951.444999999943,-32446.43740000023,-38397.88240000025
2026-02-27T11:24:42.000000,-5951.444999999943,-32460.943000000232,-38412.38800000025
2026-02-27T13:02:32.000000,-5951.444999999943,-32416.114546428806,-38367.55954642882
2026-02-27T13:02:37.000000,-5951.444999999943,-32371.28609285738,-38322.73109285739
2026-02-27T13:02:42.000000,-5951.444999999943,-32326.457639285953,-38277.90263928597
2026-02-27T13:02:47.000000,-5951.444999999943,-32281.629185714526,-38233.07418571454
2026-02-27T13:02:52.000000,-5951.444999999943,-32251.743550000243,-38203.18855000025
2026-02-27T13:04:12.000000,-5951.444999999943,-32426.26410053788,-38377.70910053789
2026-02-27T13:04:17.000000,-5951.444999999943,-32595.330883871215,-38546.775883871225
2026-02-27T13:04:22.000000,-5951.444999999943,-32758.943900000246,-38710.38890000026
2026-02-27T13:19:47.000000,-5951.444999999943,-32900.62040000025,-38852.06540000026
2026-02-27T13:19:52.000000,-5951.444999999943,-33042.29690000025,-38993.74190000026
2026-02-27T13:19:57.000000,-5951.444999999943,-33183.97340000025,-39135.418400000264
2026-02-27T13:20:02.000000,-5951.444999999943,-33325.64990000025,-39277.094900000266
2026-02-27T13:20:07.000000,-5951.444999999943,-33467.32640000025,-39418.77140000027
2026-02-27T13:20:12.000000,-5951.444999999943,-33475.073050000254,-39426.51805000027
2026-02-27T13:27:47.000000,-5951.444999999943,-33482.15555000025,-39433.600550000265
2026-02-27T13:32:02.000000,-5951.444999999943,-33525.65317483685,-39477.098174836865
2026-02-27T13:32:07.000000,-5951.444999999943,-33569.15079967345,-39520.595799673465
2026-02-27T13:32:12.000000,-5951.444999999943,-33612.64842451005,-39564.093424510065
2026-02-27T13:32:17.000000,-5951.444999999943,-33656.14604934665,-39607.591049346665
2026-02-27T13:32:22.000000,-5951.444999999943,-33699.64367418325,-39651.088674183266
2026-02-27T13:32:27.000000,-5951.444999999943,-33719.83900000025,-39671.28400000026
2026-02-27T13:32:52.000000,-5951.444999999943,-33714.57745000024,-39666.02245000025
2026-02-27T13:32:57.000000,-5951.444999999943,-33710.568650000234,-39662.01365000025
2026-02-27T13:41:17.000000,-5951.444999999943,-33710.51336287152,-39661.95836287153
2026-02-27T13:41:22.000000,-5951.444999999943,-33710.458075742805,-39661.90307574282
2026-02-27T13:41:27.000000,-5951.444999999943,-33710.40278861409,-39661.847788614105
2026-02-27T13:41:32.000000,-5951.444999999943,-33710.347501485376,-39661.79250148539
2026-02-27T13:41:37.000000,-5951.444999999943,-33710.29221435666,-39661.737214356675
2026-02-27T13:41:42.000000,-5951.444999999943,-33710.28945000022,-39661.73445000024
2026-02-27T13:59:52.000000,-5967.9587698412115,-33710.28945000022,-39678.2482198415
2026-02-27T13:59:57.000000,-5984.47253968248,-33710.28945000022,-39694.76198968277
2026-02-27T14:00:02.000000,-6025.970059523747,-33710.28945000022,-39736.25950952403
2026-02-27T14:00:07.000000,-6067.467579365015,-33710.28945000022,-39777.7570293653
2026-02-27T14:00:12.000000,-6108.9650992062825,-33710.28945000022,-39819.25454920656
2026-02-27T14:00:17.000000,-6110.624999999934,-33710.28945000022,-39820.914450000215
2026-02-27T14:10:27.000000,-6110.624999999934,-33754.13045000022,-39864.755450000215
2026-02-27T14:10:32.000000,-6110.624999999934,-33797.97145000022,-39908.596450000216
2026-02-27T14:10:37.000000,-6110.624999999934,-33841.81245000022,-39952.437450000216
2026-02-27T14:10:42.000000,-6110.624999999934,-33885.65345000022,-39996.278450000216
2026-02-27T14:10:47.000000,-6110.624999999934,-33909.139700000225,-40019.76470000022
2026-02-27T14:10:57.000000,-6101.341249999932,-33909.139700000225,-40010.480950000216
2026-02-27T14:11:02.000000,-6092.057499999931,-33909.139700000225,-40001.19720000021
2026-02-27T14:11:07.000000,-6057.78999999993,-33909.139700000225,-39966.92970000021
2026-02-27T14:11:12.000000,-6048.19509999993,-33909.139700000225,-39957.33480000021
2026-02-27T14:41:52.000000,-6048.19509999993,-33912.27440000023,-39960.46950000021
